UID,Name,Frei_MVA,Belegt_MVA,Breite,Länge,Bundesland,Betreiber,Kontakt,Webseite,Wind_ms,Solar_kWh
0,UW Deutschkreutz,0.0,4.0,47.59655,16.59746,Burgenland,Netz Burgenland GmbH,"info@netzburgenland.at, +43 0800 888 9001",https://www.netzburgenland.at/strom/photovoltaik/,21.13,1351.0
1,UW Eisenstadt**,0.0,18.0,47.84417,16.5461,Burgenland,Netz Burgenland GmbH,"info@netzburgenland.at, +43 0800 888 9001",https://www.netzburgenland.at/strom/photovoltaik/,21.14,1348.5
2,UW Eltendorf,1.0,9.0,47.01042,16.19146,Burgenland,Netz Burgenland GmbH,"info@netzburgenland.at, +43 0800 888 9001",https://www.netzburgenland.at/strom/photovoltaik/,14.9,1372.4
3,UW Frauenkirchen**,0.0,4.0,47.84467,16.90066,Burgenland,Netz Burgenland GmbH,"info@netzburgenland.at, +43 0800 888 9001",https://www.netzburgenland.at/strom/photovoltaik/,21.55,1345.0
4,UW Güssing,1.0,21.0,47.07376,16.31765,Burgenland,Netz Burgenland GmbH,"info@netzburgenland.at, +43 0800 888 9001",https://www.netzburgenland.at/strom/photovoltaik/,15.44,1367.4
5,UW Jennersdorf,3.0,16.0,46.92889,16.12809,Burgenland,Netz Burgenland GmbH,"info@netzburgenland.at, +43 0800 888 9001",https://www.netzburgenland.at/strom/photovoltaik/,16.53,1373.3
6,UW Markt St. Martin,1.0,5.0,47.5573,16.41989,Burgenland,Netz Burgenland GmbH,"info@netzburgenland.at, +43 0800 888 9001",https://www.netzburgenland.at/strom/photovoltaik/,21.69,1339.0
7,UW Mattersburg,0.0,19.0,47.72241,16.38294,Burgenland,Netz Burgenland GmbH,"info@netzburgenland.at, +43 0800 888 9001",https://www.netzburgenland.at/strom/photovoltaik/,20.4,1338.4
8,UW Neudörfl**,0.0,3.0,47.80162,16.27389,Burgenland,Netz Burgenland GmbH,"info@netzburgenland.at, +43 0800 888 9001",https://www.netzburgenland.at/strom/photovoltaik/,18.64,1336.0
9,UW Neusiedl,0.0,22.0,47.96071,16.8363,Burgenland,Netz Burgenland GmbH,"info@netzburgenland.at, +43 0800 888 9001",https://www.netzburgenland.at/strom/photovoltaik/,22.55,1344.0
10,UW Oberpullendorf,0.0,9.0,47.49493,16.48933,Burgenland,Netz Burgenland GmbH,"info@netzburgenland.at, +43 0800 888 9001",https://www.netzburgenland.at/strom/photovoltaik/,20.21,1353.3
11,UW Pama**,0.0,7.0,48.03926,17.02613,Burgenland,Netz Burgenland GmbH,"info@netzburgenland.at, +43 0800 888 9001",https://www.netzburgenland.at/strom/photovoltaik/,22.97,1350.1
12,UW Pinkafeld,0.0,6.0,47.36144,16.12345,Burgenland,Netz Burgenland GmbH,"info@netzburgenland.at, +43 0800 888 9001",https://www.netzburgenland.at/strom/photovoltaik/,11.21,1344.9
13,UW Rotenturm,0.0,8.0,47.25145,16.27604,Burgenland,Netz Burgenland GmbH,"info@netzburgenland.at, +43 0800 888 9001",https://www.netzburgenland.at/strom/photovoltaik/,15.75,1359.5
14,UW Stegersbach,1.0,8.0,47.17326,16.1829,Burgenland,Netz Burgenland GmbH,"info@netzburgenland.at, +43 0800 888 9001",https://www.netzburgenland.at/strom/photovoltaik/,13.55,1353.8
15,UW Steinbrunn**,0.0,3.0,47.81914,16.43677,Burgenland,Netz Burgenland GmbH,"info@netzburgenland.at, +43 0800 888 9001",https://www.netzburgenland.at/strom/photovoltaik/,20.89,1344.1
16,UW Wimpassing**,0.0,2.0,47.90509,16.45205,Burgenland,Netz Burgenland GmbH,"info@netzburgenland.at, +43 0800 888 9001",https://www.netzburgenland.at/strom/photovoltaik/,21.42,1345.0
17,UW Zurndorf*,0.0,18.0,47.93765,16.99346,Burgenland,Netz Burgenland GmbH,"info@netzburgenland.at, +43 0800 888 9001",https://www.netzburgenland.at/strom/photovoltaik/,23.3,1357.5
18,UW Auen,31.18,4.02,46.595263,13.859782,Kärnten,KNG - Kärnten Netz GmbH,"kommunikation@kaerntennetz.at, +43 505 25 6000",https://kaerntennetz.at/dokumente/Strom/Veroeffentlichung_der_verfuegbaren_Kapazitaeten_gemaess_20_ElWOG.pdf,7.43,1313.3
19,UW Außerfragant,0.0,0.96,46.934582,13.110602,Kärnten,KNG - Kärnten Netz GmbH,"kommunikation@kaerntennetz.at, +43 505 25 6000",https://kaerntennetz.at/dokumente/Strom/Veroeffentlichung_der_verfuegbaren_Kapazitaeten_gemaess_20_ElWOG.pdf,6.74,1383.9
20,UW Bleiburg,0.0,9.03,46.628568,14.78507,Kärnten,KNG - Kärnten Netz GmbH,"kommunikation@kaerntennetz.at, +43 505 25 6000",https://kaerntennetz.at/dokumente/Strom/Veroeffentlichung_der_verfuegbaren_Kapazitaeten_gemaess_20_ElWOG.pdf,7.7,1344.0
21,UW Brückl,36.57,6.95,46.733716,14.525265,Kärnten,KNG - Kärnten Netz GmbH,"kommunikation@kaerntennetz.at, +43 505 25 6000",https://kaerntennetz.at/dokumente/Strom/Veroeffentlichung_der_verfuegbaren_Kapazitaeten_gemaess_20_ElWOG.pdf,7.55,1339.6
22,UW Ettendorf,0.0,0.0,46.673213,14.95704,Kärnten,KNG - Kärnten Netz GmbH,"kommunikation@kaerntennetz.at, +43 505 25 6000",https://kaerntennetz.at/dokumente/Strom/Veroeffentlichung_der_verfuegbaren_Kapazitaeten_gemaess_20_ElWOG.pdf,8.24,1347.2
23,UW Feldkirchen,11.47,2.13,46.719941,14.090979,Kärnten,KNG - Kärnten Netz GmbH,"kommunikation@kaerntennetz.at, +43 505 25 6000",https://kaerntennetz.at/dokumente/Strom/Veroeffentlichung_der_verfuegbaren_Kapazitaeten_gemaess_20_ElWOG.pdf,7.04,1326.9
24,UW Ferlach,0.0,6.53,46.529037,14.297984,Kärnten,KNG - Kärnten Netz GmbH,"kommunikation@kaerntennetz.at, +43 505 25 6000",https://kaerntennetz.at/dokumente/Strom/Veroeffentlichung_der_verfuegbaren_Kapazitaeten_gemaess_20_ElWOG.pdf,5.97,1330.0
25,UW Forstsee,20.59,0.9,46.622624,14.073347,Kärnten,KNG - Kärnten Netz GmbH,"kommunikation@kaerntennetz.at, +43 505 25 6000",https://kaerntennetz.at/dokumente/Strom/Veroeffentlichung_der_verfuegbaren_Kapazitaeten_gemaess_20_ElWOG.pdf,7.55,1317.6
26,UW Freibach,0.0,1.22,46.559342,14.483149,Kärnten,KNG - Kärnten Netz GmbH,"kommunikation@kaerntennetz.at, +43 505 25 6000",https://kaerntennetz.at/dokumente/Strom/Veroeffentlichung_der_verfuegbaren_Kapazitaeten_gemaess_20_ElWOG.pdf,6.4,1332.5
27,UW Fürnitz,6.35,0.85,46.557731,13.816997,Kärnten,KNG - Kärnten Netz GmbH,"kommunikation@kaerntennetz.at, +43 505 25 6000",https://kaerntennetz.at/dokumente/Strom/Veroeffentlichung_der_verfuegbaren_Kapazitaeten_gemaess_20_ElWOG.pdf,7.43,1313.3
28,UW Gailitz,0.0,0.58,46.561202,13.694565,Kärnten,KNG - Kärnten Netz GmbH,"kommunikation@kaerntennetz.at, +43 505 25 6000",https://kaerntennetz.at/dokumente/Strom/Veroeffentlichung_der_verfuegbaren_Kapazitaeten_gemaess_20_ElWOG.pdf,7.82,1308.7
29,UW Gmünd,0.0,8.04,46.91312,13.53682,Kärnten,KNG - Kärnten Netz GmbH,"kommunikation@kaerntennetz.at, +43 505 25 6000",https://kaerntennetz.at/dokumente/Strom/Veroeffentlichung_der_verfuegbaren_Kapazitaeten_gemaess_20_ElWOG.pdf,5.96,1319.1
30,UW Gummern,0.0,3.44,46.651753,13.789856,Kärnten,KNG - Kärnten Netz GmbH,"kommunikation@kaerntennetz.at, +43 505 25 6000",https://kaerntennetz.at/dokumente/Strom/Veroeffentlichung_der_verfuegbaren_Kapazitaeten_gemaess_20_ElWOG.pdf,7.75,1307.8
31,UW Gurk,0.0,8.43,46.878331,14.302962,Kärnten,KNG - Kärnten Netz GmbH,"kommunikation@kaerntennetz.at, +43 505 25 6000",https://kaerntennetz.at/dokumente/Strom/Veroeffentlichung_der_verfuegbaren_Kapazitaeten_gemaess_20_ElWOG.pdf,8.62,1322.2
32,UW Hermagor,8.77,0.53,46.628787,13.379924,Kärnten,KNG - Kärnten Netz GmbH,"kommunikation@kaerntennetz.at, +43 505 25 6000",https://kaerntennetz.at/dokumente/Strom/Veroeffentlichung_der_verfuegbaren_Kapazitaeten_gemaess_20_ElWOG.pdf,6.67,1299.0
33,UW Innerfragant,0.0,0.0,46.976889,13.051855,Kärnten,KNG - Kärnten Netz GmbH,"kommunikation@kaerntennetz.at, +43 505 25 6000",https://kaerntennetz.at/dokumente/Strom/Veroeffentlichung_der_verfuegbaren_Kapazitaeten_gemaess_20_ElWOG.pdf,7.36,1412.8
34,UW Kamering,0.0,27.82,46.739671,13.59371,Kärnten,KNG - Kärnten Netz GmbH,"kommunikation@kaerntennetz.at, +43 505 25 6000",https://kaerntennetz.at/dokumente/Strom/Veroeffentlichung_der_verfuegbaren_Kapazitaeten_gemaess_20_ElWOG.pdf,6.84,1312.2
35,UW Klagenfurt,0.0,9.3,46.60611,14.320275,Kärnten,KNG - Kärnten Netz GmbH,"kommunikation@kaerntennetz.at, +43 505 25 6000",https://kaerntennetz.at/dokumente/Strom/Veroeffentlichung_der_verfuegbaren_Kapazitaeten_gemaess_20_ElWOG.pdf,6.6,1337.7
36,UW Kleinkirchheim,0.0,0.39,46.810567,13.77178,Kärnten,KNG - Kärnten Netz GmbH,"kommunikation@kaerntennetz.at, +43 505 25 6000",https://kaerntennetz.at/dokumente/Strom/Veroeffentlichung_der_verfuegbaren_Kapazitaeten_gemaess_20_ElWOG.pdf,7.65,1315.9
37,UW Koralpe,0.0,45.6,46.634057,14.955949,Kärnten,KNG - Kärnten Netz GmbH,"kommunikation@kaerntennetz.at, +43 505 25 6000",https://kaerntennetz.at/dokumente/Strom/Veroeffentlichung_der_verfuegbaren_Kapazitaeten_gemaess_20_ElWOG.pdf,8.24,1347.2
38,UW Landskron,32.47,2.02,46.631087,13.892654,Kärnten,KNG - Kärnten Netz GmbH,"kommunikation@kaerntennetz.at, +43 505 25 6000",https://kaerntennetz.at/dokumente/Strom/Veroeffentlichung_der_verfuegbaren_Kapazitaeten_gemaess_20_ElWOG.pdf,7.84,1313.1
39,UW Lassendorf,15.96,9.84,46.667206,14.420761,Kärnten,KNG - Kärnten Netz GmbH,"kommunikation@kaerntennetz.at, +43 505 25 6000",https://kaerntennetz.at/dokumente/Strom/Veroeffentlichung_der_verfuegbaren_Kapazitaeten_gemaess_20_ElWOG.pdf,6.63,1337.8
40,UW Lieserhofen,0.0,0.61,46.829931,13.477085,Kärnten,KNG - Kärnten Netz GmbH,"kommunikation@kaerntennetz.at, +43 505 25 6000",https://kaerntennetz.at/dokumente/Strom/Veroeffentlichung_der_verfuegbaren_Kapazitaeten_gemaess_20_ElWOG.pdf,4.9,1309.7
41,UW Malta Unterstufe,0.0,22.2,46.833286,13.360248,Kärnten,KNG - Kärnten Netz GmbH,"kommunikation@kaerntennetz.at, +43 505 25 6000",https://kaerntennetz.at/dokumente/Strom/Veroeffentlichung_der_verfuegbaren_Kapazitaeten_gemaess_20_ElWOG.pdf,5.23,1305.1
42,UW Oberdrauburg,0.0,0.41,46.74183,12.967463,Kärnten,KNG - Kärnten Netz GmbH,"kommunikation@kaerntennetz.at, +43 505 25 6000",https://kaerntennetz.at/dokumente/Strom/Veroeffentlichung_der_verfuegbaren_Kapazitaeten_gemaess_20_ElWOG.pdf,5.64,1331.3
43,UW Radenthein,0.0,1.36,46.799072,13.688658,Kärnten,KNG - Kärnten Netz GmbH,"kommunikation@kaerntennetz.at, +43 505 25 6000",https://kaerntennetz.at/dokumente/Strom/Veroeffentlichung_der_verfuegbaren_Kapazitaeten_gemaess_20_ElWOG.pdf,7.19,1315.6
44,UW Rennweg,0.0,0.19,47.02905,13.60402,Kärnten,KNG - Kärnten Netz GmbH,"kommunikation@kaerntennetz.at, +43 505 25 6000",https://kaerntennetz.at/dokumente/Strom/Veroeffentlichung_der_verfuegbaren_Kapazitaeten_gemaess_20_ElWOG.pdf,9.82,1359.6
45,UW Rosegg,11.09,0.85,46.567494,14.026762,Kärnten,KNG - Kärnten Netz GmbH,"kommunikation@kaerntennetz.at, +43 505 25 6000",https://kaerntennetz.at/dokumente/Strom/Veroeffentlichung_der_verfuegbaren_Kapazitaeten_gemaess_20_ElWOG.pdf,6.73,1322.3
46,UW Seebach,61.55,1.44,46.617058,13.877428,Kärnten,KNG - Kärnten Netz GmbH,"kommunikation@kaerntennetz.at, +43 505 25 6000",https://kaerntennetz.at/dokumente/Strom/Veroeffentlichung_der_verfuegbaren_Kapazitaeten_gemaess_20_ElWOG.pdf,7.84,1313.1
47,UW Spittal,0.0,4.55,46.789854,13.519832,Kärnten,KNG - Kärnten Netz GmbH,"kommunikation@kaerntennetz.at, +43 505 25 6000",https://kaerntennetz.at/dokumente/Strom/Veroeffentlichung_der_verfuegbaren_Kapazitaeten_gemaess_20_ElWOG.pdf,4.9,1309.7
48,UW St. Andrä,0.0,48.31,46.772678,14.837895,Kärnten,KNG - Kärnten Netz GmbH,"kommunikation@kaerntennetz.at, +43 505 25 6000",https://kaerntennetz.at/dokumente/Strom/Veroeffentlichung_der_verfuegbaren_Kapazitaeten_gemaess_20_ElWOG.pdf,5.88,1347.1
49,UW St. Leonhard,0.0,39.56,46.970827,14.785865,Kärnten,KNG - Kärnten Netz GmbH,"kommunikation@kaerntennetz.at, +43 505 25 6000",https://kaerntennetz.at/dokumente/Strom/Veroeffentlichung_der_verfuegbaren_Kapazitaeten_gemaess_20_ElWOG.pdf,9.84,1329.8
50,UW St. Margareten,0.0,0.0,46.545439,14.396446,Kärnten,KNG - Kärnten Netz GmbH,"kommunikation@kaerntennetz.at, +43 505 25 6000",https://kaerntennetz.at/dokumente/Strom/Veroeffentlichung_der_verfuegbaren_Kapazitaeten_gemaess_20_ElWOG.pdf,6.6,1337.7
51,UW St. Martin,0.0,0.0,46.578495,13.989591,Kärnten,KNG - Kärnten Netz GmbH,"kommunikation@kaerntennetz.at, +43 505 25 6000",https://kaerntennetz.at/dokumente/Strom/Veroeffentlichung_der_verfuegbaren_Kapazitaeten_gemaess_20_ElWOG.pdf,6.73,1322.3
52,UW St.Veit,22.25,2.17,46.760961,14.374472,Kärnten,KNG - Kärnten Netz GmbH,"kommunikation@kaerntennetz.at, +43 505 25 6000",https://kaerntennetz.at/dokumente/Strom/Veroeffentlichung_der_verfuegbaren_Kapazitaeten_gemaess_20_ElWOG.pdf,6.63,1337.8
53,UW Steinfeld,0.0,0.52,46.754038,13.251365,Kärnten,KNG - Kärnten Netz GmbH,"kommunikation@kaerntennetz.at, +43 505 25 6000",https://kaerntennetz.at/dokumente/Strom/Veroeffentlichung_der_verfuegbaren_Kapazitaeten_gemaess_20_ElWOG.pdf,6.36,1300.9
54,UW Treibach,39.74,24.27,46.860791,14.463749,Kärnten,KNG - Kärnten Netz GmbH,"kommunikation@kaerntennetz.at, +43 505 25 6000",https://kaerntennetz.at/dokumente/Strom/Veroeffentlichung_der_verfuegbaren_Kapazitaeten_gemaess_20_ElWOG.pdf,8.17,1329.3
55,UW Tröpolach,12.13,0.13,46.61747,13.279204,Kärnten,KNG - Kärnten Netz GmbH,"kommunikation@kaerntennetz.at, +43 505 25 6000",https://kaerntennetz.at/dokumente/Strom/Veroeffentlichung_der_verfuegbaren_Kapazitaeten_gemaess_20_ElWOG.pdf,6.67,1299.0
56,UW Villach-Süd,0.0,0.0,46.555769,13.828311,Kärnten,KNG - Kärnten Netz GmbH,"kommunikation@kaerntennetz.at, +43 505 25 6000",https://kaerntennetz.at/dokumente/Strom/Veroeffentlichung_der_verfuegbaren_Kapazitaeten_gemaess_20_ElWOG.pdf,7.43,1313.3
57,UW Völkermarkt,34.42,6.05,46.660763,14.61938,Kärnten,KNG - Kärnten Netz GmbH,"kommunikation@kaerntennetz.at, +43 505 25 6000",https://kaerntennetz.at/dokumente/Strom/Veroeffentlichung_der_verfuegbaren_Kapazitaeten_gemaess_20_ElWOG.pdf,8.0,1341.2
58,UW Vorderberg,0.0,0.0,46.587288,13.533679,Kärnten,KNG - Kärnten Netz GmbH,"kommunikation@kaerntennetz.at, +43 505 25 6000",https://kaerntennetz.at/dokumente/Strom/Veroeffentlichung_der_verfuegbaren_Kapazitaeten_gemaess_20_ElWOG.pdf,7.52,1309.5
59,UW Warmbad,32.1,3.2,46.595498,13.833168,Kärnten,KNG - Kärnten Netz GmbH,"kommunikation@kaerntennetz.at, +43 505 25 6000",https://kaerntennetz.at/dokumente/Strom/Veroeffentlichung_der_verfuegbaren_Kapazitaeten_gemaess_20_ElWOG.pdf,7.43,1313.3
60,UW Wietersdorf,20.22,1.78,46.84161,14.538237,Kärnten,KNG - Kärnten Netz GmbH,"kommunikation@kaerntennetz.at, +43 505 25 6000",https://kaerntennetz.at/dokumente/Strom/Veroeffentlichung_der_verfuegbaren_Kapazitaeten_gemaess_20_ElWOG.pdf,8.02,1337.2
61,UW Windischbach,11.11,3.5,46.690004,14.210409,Kärnten,KNG - Kärnten Netz GmbH,"kommunikation@kaerntennetz.at, +43 505 25 6000",https://kaerntennetz.at/dokumente/Strom/Veroeffentlichung_der_verfuegbaren_Kapazitaeten_gemaess_20_ElWOG.pdf,6.39,1333.0
62,UW Wolfsberg,0.0,38.08,46.847584,14.840994,Kärnten,KNG - Kärnten Netz GmbH,"kommunikation@kaerntennetz.at, +43 505 25 6000",https://kaerntennetz.at/dokumente/Strom/Veroeffentlichung_der_verfuegbaren_Kapazitaeten_gemaess_20_ElWOG.pdf,6.27,1346.0
63,UW Wölla,0.0,0.0,46.867337,13.073296,Kärnten,KNG - Kärnten Netz GmbH,"kommunikation@kaerntennetz.at, +43 505 25 6000",https://kaerntennetz.at/dokumente/Strom/Veroeffentlichung_der_verfuegbaren_Kapazitaeten_gemaess_20_ElWOG.pdf,5.96,1329.7
64,UW Würmlach,0.0,22.76,46.649257,13.071089,Kärnten,KNG - Kärnten Netz GmbH,"kommunikation@kaerntennetz.at, +43 505 25 6000",https://kaerntennetz.at/dokumente/Strom/Veroeffentlichung_der_verfuegbaren_Kapazitaeten_gemaess_20_ElWOG.pdf,7.05,1316.1
65,UW Zirknitz,0.0,88.38,46.995528,12.956976,Kärnten,KNG - Kärnten Netz GmbH,"kommunikation@kaerntennetz.at, +43 505 25 6000",https://kaerntennetz.at/dokumente/Strom/Veroeffentlichung_der_verfuegbaren_Kapazitaeten_gemaess_20_ElWOG.pdf,7.36,1412.8
66,UWK Süd,1.0,29.47,46.60708,14.32099,Kärnten,Energie Klagenfurt GmbH,"hausanschluss@stw.at, +43 (0)463 521 400",https://www.energieklagenfurt.at/stromnetz/oekostromanlagen/,6.6,1337.7
67,UWN Mitte,46.7,0.79,46.63,14.31547,Kärnten,Energie Klagenfurt GmbH,"hausanschluss@stw.at, +43 (0)463 521 400",https://www.energieklagenfurt.at/stromnetz/oekostromanlagen/,6.6,1337.7
68,UWN Nord,33.58,6.8,46.63008,14.31547,Kärnten,Energie Klagenfurt GmbH,"hausanschluss@stw.at, +43 (0)463 521 400",https://www.energieklagenfurt.at/stromnetz/oekostromanlagen/,6.6,1337.7
69,UWO Ost,15.35,14.07,46.63088,14.33551,Kärnten,Energie Klagenfurt GmbH,"hausanschluss@stw.at, +43 (0)463 521 400",https://www.energieklagenfurt.at/stromnetz/oekostromanlagen/,6.6,1337.7
70,UWW West,44.83,2.08,46.61173,14.28073,Kärnten,Energie Klagenfurt GmbH,"hausanschluss@stw.at, +43 (0)463 521 400",https://www.energieklagenfurt.at/stromnetz/oekostromanlagen/,6.6,1337.7
71,UW Am Schuß,5.0,6.0,48.30186082,15.256515,Niederösterreich,Netz Niederösterreich GmbH,"info@netz-noe.at, +43 (0)2236 201 2070",https://www.netz-noe.at/Netz-Niederosterreich/Service/Okostromanlage-Portal/Erzeugungsanlagen-gro%C3%9Fer-1-MVA-(2).aspx,18.1,1296.2
72,UW Amstetten,14.0,15.0,48.11168779,14.866594,Niederösterreich,Netz Niederösterreich GmbH,"info@netz-noe.at, +43 (0)2236 201 2070",https://www.netz-noe.at/Netz-Niederosterreich/Service/Okostromanlage-Portal/Erzeugungsanlagen-gro%C3%9Fer-1-MVA-(2).aspx,18.49,1295.2
73,UW Amstetten Ost,18.0,14.0,48.11228021,14.909147,Niederösterreich,Netz Niederösterreich GmbH,"info@netz-noe.at, +43 (0)2236 201 2070",https://www.netz-noe.at/Netz-Niederosterreich/Service/Okostromanlage-Portal/Erzeugungsanlagen-gro%C3%9Fer-1-MVA-(2).aspx,18.49,1295.2
74,UW Bisamberg,0.0,0.0,48.35563674,16.37651254,Niederösterreich,Netz Niederösterreich GmbH,"info@netz-noe.at, +43 (0)2236 201 2070",https://www.netz-noe.at/Netz-Niederosterreich/Service/Okostromanlage-Portal/Erzeugungsanlagen-gro%C3%9Fer-1-MVA-(2).aspx,22.4,1327.3
75,UW Bockfließ,0.0,40.0,48.33826507,16.62572524,Niederösterreich,Netz Niederösterreich GmbH,"info@netz-noe.at, +43 (0)2236 201 2070",https://www.netz-noe.at/Netz-Niederosterreich/Service/Okostromanlage-Portal/Erzeugungsanlagen-gro%C3%9Fer-1-MVA-(2).aspx,22.92,1327.2
76,UW Bruck,0.0,7.0,48.03362213,16.767628,Niederösterreich,Netz Niederösterreich GmbH,"info@netz-noe.at, +43 (0)2236 201 2070",https://www.netz-noe.at/Netz-Niederosterreich/Service/Okostromanlage-Portal/Erzeugungsanlagen-gro%C3%9Fer-1-MVA-(2).aspx,23.96,1344.6
77,UW Deutsch / Altenburg,0.0,78.0,48.12222895,16.919827,Niederösterreich,Netz Niederösterreich GmbH,"info@netz-noe.at, +43 (0)2236 201 2070",https://www.netz-noe.at/Netz-Niederosterreich/Service/Okostromanlage-Portal/Erzeugungsanlagen-gro%C3%9Fer-1-MVA-(2).aspx,23.7,1337.0
78,UW Dürnrohr,0.0,21.0,48.32933941,15.883403,Niederösterreich,Netz Niederösterreich GmbH,"info@netz-noe.at, +43 (0)2236 201 2070",https://www.netz-noe.at/Netz-Niederosterreich/Service/Okostromanlage-Portal/Erzeugungsanlagen-gro%C3%9Fer-1-MVA-(2).aspx,17.77,1309.3
79,UW Edlitz,0.0,26.0,47.61092102,16.126665,Niederösterreich,Netz Niederösterreich GmbH,"info@netz-noe.at, +43 (0)2236 201 2070",https://www.netz-noe.at/Netz-Niederosterreich/Service/Okostromanlage-Portal/Erzeugungsanlagen-gro%C3%9Fer-1-MVA-(2).aspx,18.2,1314.9
80,UW Eggenburg,0.0,11.0,48.66286731,15.831733,Niederösterreich,Netz Niederösterreich GmbH,"info@netz-noe.at, +43 (0)2236 201 2070",https://www.netz-noe.at/Netz-Niederosterreich/Service/Okostromanlage-Portal/Erzeugungsanlagen-gro%C3%9Fer-1-MVA-(2).aspx,19.45,1303.8
81,UW Eibesbrunn,0.0,32.0,48.36102335,16.505301,Niederösterreich,Netz Niederösterreich GmbH,"info@netz-noe.at, +43 (0)2236 201 2070",https://www.netz-noe.at/Netz-Niederosterreich/Service/Okostromanlage-Portal/Erzeugungsanlagen-gro%C3%9Fer-1-MVA-(2).aspx,23.06,1326.7
82,UW Eibesbrunn',0.0,37.0,48.36102335,16.505301,Niederösterreich,Netz Niederösterreich GmbH,"info@netz-noe.at, +43 (0)2236 201 2070",https://www.netz-noe.at/Netz-Niederosterreich/Service/Okostromanlage-Portal/Erzeugungsanlagen-gro%C3%9Fer-1-MVA-(2).aspx,23.06,1326.7
83,UW Enzersdorf / Fischa,0.0,4.0,48.06483879,16.614917,Niederösterreich,Netz Niederösterreich GmbH,"info@netz-noe.at, +43 (0)2236 201 2070",https://www.netz-noe.at/Netz-Niederosterreich/Service/Okostromanlage-Portal/Erzeugungsanlagen-gro%C3%9Fer-1-MVA-(2).aspx,23.42,1344.6
84,UW Erlauf,0.0,25.0,48.18597833,15.180901,Niederösterreich,Netz Niederösterreich GmbH,"info@netz-noe.at, +43 (0)2236 201 2070",https://www.netz-noe.at/Netz-Niederosterreich/Service/Okostromanlage-Portal/Erzeugungsanlagen-gro%C3%9Fer-1-MVA-(2).aspx,18.9,1298.1
85,UW Erlaufboden,9.0,5.0,47.87999663,15.266511,Niederösterreich,Netz Niederösterreich GmbH,"info@netz-noe.at, +43 (0)2236 201 2070",https://www.netz-noe.at/Netz-Niederosterreich/Service/Okostromanlage-Portal/Erzeugungsanlagen-gro%C3%9Fer-1-MVA-(2).aspx,19.04,1293.0
86,UW Ernsthofen,11.0,9.0,48.12497076,14.475118,Niederösterreich,Netz Niederösterreich GmbH,"info@netz-noe.at, +43 (0)2236 201 2070",https://www.netz-noe.at/Netz-Niederosterreich/Service/Okostromanlage-Portal/Erzeugungsanlagen-gro%C3%9Fer-1-MVA-(2).aspx,18.72,1287.7
87,UW Gänserndorf,0.0,16.0,48.34418374,16.713807,Niederösterreich,Netz Niederösterreich GmbH,"info@netz-noe.at, +43 (0)2236 201 2070",https://www.netz-noe.at/Netz-Niederosterreich/Service/Okostromanlage-Portal/Erzeugungsanlagen-gro%C3%9Fer-1-MVA-(2).aspx,22.78,1329.7
88,UW Gaweinstal,0.0,34.0,48.47420455,16.56928822,Niederösterreich,Netz Niederösterreich GmbH,"info@netz-noe.at, +43 (0)2236 201 2070",https://www.netz-noe.at/Netz-Niederosterreich/Service/Okostromanlage-Portal/Erzeugungsanlagen-gro%C3%9Fer-1-MVA-(2).aspx,23.82,1331.9
89,UW Gerstl,14.0,7.0,47.98855618,14.74124,Niederösterreich,Netz Niederösterreich GmbH,"info@netz-noe.at, +43 (0)2236 201 2070",https://www.netz-noe.at/Netz-Niederosterreich/Service/Okostromanlage-Portal/Erzeugungsanlagen-gro%C3%9Fer-1-MVA-(2).aspx,18.59,1292.1
90,UW Gmünd,22.0,41.0,48.76172933,14.988304,Niederösterreich,Netz Niederösterreich GmbH,"info@netz-noe.at, +43 (0)2236 201 2070",https://www.netz-noe.at/Netz-Niederosterreich/Service/Okostromanlage-Portal/Erzeugungsanlagen-gro%C3%9Fer-1-MVA-(2).aspx,19.3,1270.8
91,UW Gresten,23.0,8.0,47.99120936,15.023785,Niederösterreich,Netz Niederösterreich GmbH,"info@netz-noe.at, +43 (0)2236 201 2070",https://www.netz-noe.at/Netz-Niederosterreich/Service/Okostromanlage-Portal/Erzeugungsanlagen-gro%C3%9Fer-1-MVA-(2).aspx,17.97,1297.2
92,UW Groß Gerungs,0.0,5.0,48.57210137,14.990683,Niederösterreich,Netz Niederösterreich GmbH,"info@netz-noe.at, +43 (0)2236 201 2070",https://www.netz-noe.at/Netz-Niederosterreich/Service/Okostromanlage-Portal/Erzeugungsanlagen-gro%C3%9Fer-1-MVA-(2).aspx,20.67,1290.3
93,UW Grubberg,11.0,3.0,47.88699277,15.067891,Niederösterreich,Netz Niederösterreich GmbH,"info@netz-noe.at, +43 (0)2236 201 2070",https://www.netz-noe.at/Netz-Niederosterreich/Service/Okostromanlage-Portal/Erzeugungsanlagen-gro%C3%9Fer-1-MVA-(2).aspx,17.29,1276.7
94,UW Haag Süd,26.0,29.0,48.097,14.5791,Niederösterreich,Netz Niederösterreich GmbH,"info@netz-noe.at, +43 (0)2236 201 2070",https://www.netz-noe.at/Netz-Niederosterreich/Service/Okostromanlage-Portal/Erzeugungsanlagen-gro%C3%9Fer-1-MVA-(2).aspx,18.72,1287.7
95,UW Hainfeld,4.0,5.0,48.03332061,15.76817,Niederösterreich,Netz Niederösterreich GmbH,"info@netz-noe.at, +43 (0)2236 201 2070",https://www.netz-noe.at/Netz-Niederosterreich/Service/Okostromanlage-Portal/Erzeugungsanlagen-gro%C3%9Fer-1-MVA-(2).aspx,20.57,1313.0
96,UW Hart,30.0,9.0,47.6640925,15.932682,Niederösterreich,Netz Niederösterreich GmbH,"info@netz-noe.at, +43 (0)2236 201 2070",https://www.netz-noe.at/Netz-Niederosterreich/Service/Okostromanlage-Portal/Erzeugungsanlagen-gro%C3%9Fer-1-MVA-(2).aspx,13.81,1309.6
97,UW Hauskirchen,0.0,14.0,48.62586863,16.74898311,Niederösterreich,Netz Niederösterreich GmbH,"info@netz-noe.at, +43 (0)2236 201 2070",https://www.netz-noe.at/Netz-Niederosterreich/Service/Okostromanlage-Portal/Erzeugungsanlagen-gro%C3%9Fer-1-MVA-(2).aspx,22.66,1324.3
98,UW Hausmening,21.0,15.0,48.06240439,14.81199,Niederösterreich,Netz Niederösterreich GmbH,"info@netz-noe.at, +43 (0)2236 201 2070",https://www.netz-noe.at/Netz-Niederosterreich/Service/Okostromanlage-Portal/Erzeugungsanlagen-gro%C3%9Fer-1-MVA-(2).aspx,18.39,1293.4
99,UW Heidenreichstein,0.0,8.0,48.85494768,15.103408,Niederösterreich,Netz Niederösterreich GmbH,"info@netz-noe.at, +43 (0)2236 201 2070",https://www.netz-noe.at/Netz-Niederosterreich/Service/Okostromanlage-Portal/Erzeugungsanlagen-gro%C3%9Fer-1-MVA-(2).aspx,20.36,1266.1
100,UW Herzogenburg,0.0,22.0,48.28469634,15.711402,Niederösterreich,Netz Niederösterreich GmbH,"info@netz-noe.at, +43 (0)2236 201 2070",https://www.netz-noe.at/Netz-Niederosterreich/Service/Okostromanlage-Portal/Erzeugungsanlagen-gro%C3%9Fer-1-MVA-(2).aspx,17.13,1303.9
101,UW Höflein,0.0,0.0,48.04816902,16.78510523,Niederösterreich,Netz Niederösterreich GmbH,"info@netz-noe.at, +43 (0)2236 201 2070",https://www.netz-noe.at/Netz-Niederosterreich/Service/Okostromanlage-Portal/Erzeugungsanlagen-gro%C3%9Fer-1-MVA-(2).aspx,23.96,1344.6
102,UW Hohe Wand,0.0,14.0,47.72631393,16.104192,Niederösterreich,Netz Niederösterreich GmbH,"info@netz-noe.at, +43 (0)2236 201 2070",https://www.netz-noe.at/Netz-Niederosterreich/Service/Okostromanlage-Portal/Erzeugungsanlagen-gro%C3%9Fer-1-MVA-(2).aspx,14.95,1315.3
103,UW Hollabrunn,7.0,9.0,48.55935981,16.070915,Niederösterreich,Netz Niederösterreich GmbH,"info@netz-noe.at, +43 (0)2236 201 2070",https://www.netz-noe.at/Netz-Niederosterreich/Service/Okostromanlage-Portal/Erzeugungsanlagen-gro%C3%9Fer-1-MVA-(2).aspx,21.0,1309.6
104,UW Horn,13.0,16.0,48.64735279,15.632312,Niederösterreich,Netz Niederösterreich GmbH,"info@netz-noe.at, +43 (0)2236 201 2070",https://www.netz-noe.at/Netz-Niederosterreich/Service/Okostromanlage-Portal/Erzeugungsanlagen-gro%C3%9Fer-1-MVA-(2).aspx,18.78,1298.0
105,UW Japons,0.0,5.0,48.77763549,15.542303,Niederösterreich,Netz Niederösterreich GmbH,"info@netz-noe.at, +43 (0)2236 201 2070",https://www.netz-noe.at/Netz-Niederosterreich/Service/Okostromanlage-Portal/Erzeugungsanlagen-gro%C3%9Fer-1-MVA-(2).aspx,21.16,1285.4
106,UW Kettlasbrunn Süd,0.0,48.0,48.534142088933,16.625168749718,Niederösterreich,Netz Niederösterreich GmbH,"info@netz-noe.at, +43 (0)2236 201 2070",https://www.netz-noe.at/Netz-Niederosterreich/Service/Okostromanlage-Portal/Erzeugungsanlagen-gro%C3%9Fer-1-MVA-(2).aspx,23.3,1327.0
107,UW Kilb,0.0,9.0,48.0891257,15.389968,Niederösterreich,Netz Niederösterreich GmbH,"info@netz-noe.at, +43 (0)2236 201 2070",https://www.netz-noe.at/Netz-Niederosterreich/Service/Okostromanlage-Portal/Erzeugungsanlagen-gro%C3%9Fer-1-MVA-(2).aspx,20.3,1307.6
108,UW Kirchberg/Wagram,0.0,6.0,48.42808213,15.87986,Niederösterreich,Netz Niederösterreich GmbH,"info@netz-noe.at, +43 (0)2236 201 2070",https://www.netz-noe.at/Netz-Niederosterreich/Service/Okostromanlage-Portal/Erzeugungsanlagen-gro%C3%9Fer-1-MVA-(2).aspx,17.08,1309.5
109,UW Korneuburg West,15.0,20.0,48.35718022,16.323745,Niederösterreich,Netz Niederösterreich GmbH,"info@netz-noe.at, +43 (0)2236 201 2070",https://www.netz-noe.at/Netz-Niederosterreich/Service/Okostromanlage-Portal/Erzeugungsanlagen-gro%C3%9Fer-1-MVA-(2).aspx,22.06,1320.5
110,UW Krems,35.0,17.0,48.40688868,15.606943,Niederösterreich,Netz Niederösterreich GmbH,"info@netz-noe.at, +43 (0)2236 201 2070",https://www.netz-noe.at/Netz-Niederosterreich/Service/Okostromanlage-Portal/Erzeugungsanlagen-gro%C3%9Fer-1-MVA-(2).aspx,16.62,1300.9
111,UW Krumau,7.0,4.0,48.58927633,15.443461,Niederösterreich,Netz Niederösterreich GmbH,"info@netz-noe.at, +43 (0)2236 201 2070",https://www.netz-noe.at/Netz-Niederosterreich/Service/Okostromanlage-Portal/Erzeugungsanlagen-gro%C3%9Fer-1-MVA-(2).aspx,20.28,1293.8
112,UW Laa / Thaya,0.0,56.0,48.71489385,16.38256482,Niederösterreich,Netz Niederösterreich GmbH,"info@netz-noe.at, +43 (0)2236 201 2070",https://www.netz-noe.at/Netz-Niederosterreich/Service/Okostromanlage-Portal/Erzeugungsanlagen-gro%C3%9Fer-1-MVA-(2).aspx,21.58,1308.8
113,UW Langenlois,0.0,7.0,48.48057558,15.69334759,Niederösterreich,Netz Niederösterreich GmbH,"info@netz-noe.at, +43 (0)2236 201 2070",https://www.netz-noe.at/Netz-Niederosterreich/Service/Okostromanlage-Portal/Erzeugungsanlagen-gro%C3%9Fer-1-MVA-(2).aspx,17.01,1311.4
114,UW Lassee,0.0,54.0,48.22278122,16.79982731,Niederösterreich,Netz Niederösterreich GmbH,"info@netz-noe.at, +43 (0)2236 201 2070",https://www.netz-noe.at/Netz-Niederosterreich/Service/Okostromanlage-Portal/Erzeugungsanlagen-gro%C3%9Fer-1-MVA-(2).aspx,23.26,1336.4
115,UW Loosdorf,0.0,32.0,48.19724664,15.39024503,Niederösterreich,Netz Niederösterreich GmbH,"info@netz-noe.at, +43 (0)2236 201 2070",https://www.netz-noe.at/Netz-Niederosterreich/Service/Okostromanlage-Portal/Erzeugungsanlagen-gro%C3%9Fer-1-MVA-(2).aspx,18.32,1296.5
116,UW Mistelbach,0.0,14.0,48.56092573,16.57643663,Niederösterreich,Netz Niederösterreich GmbH,"info@netz-noe.at, +43 (0)2236 201 2070",https://www.netz-noe.at/Netz-Niederosterreich/Service/Okostromanlage-Portal/Erzeugungsanlagen-gro%C3%9Fer-1-MVA-(2).aspx,23.11,1317.1
117,UW Neuhaus,7.0,3.0,48.00409994,16.04012986,Niederösterreich,Netz Niederösterreich GmbH,"info@netz-noe.at, +43 (0)2236 201 2070",https://www.netz-noe.at/Netz-Niederosterreich/Service/Okostromanlage-Portal/Erzeugungsanlagen-gro%C3%9Fer-1-MVA-(2).aspx,24.14,1328.7
118,UW Neulengbach,3.0,9.0,48.20573109,15.90613777,Niederösterreich,Netz Niederösterreich GmbH,"info@netz-noe.at, +43 (0)2236 201 2070",https://www.netz-noe.at/Netz-Niederosterreich/Service/Okostromanlage-Portal/Erzeugungsanlagen-gro%C3%9Fer-1-MVA-(2).aspx,22.32,1315.9
119,UW Neusiedl / Zaya,0.0,8.0,48.60613668,16.79790636,Niederösterreich,Netz Niederösterreich GmbH,"info@netz-noe.at, +43 (0)2236 201 2070",https://www.netz-noe.at/Netz-Niederosterreich/Service/Okostromanlage-Portal/Erzeugungsanlagen-gro%C3%9Fer-1-MVA-(2).aspx,21.04,1325.3
120,UW Neusiedl / Zaya',0.0,228.0,48.60618668,16.79790636,Niederösterreich,Netz Niederösterreich GmbH,"info@netz-noe.at, +43 (0)2236 201 2070",https://www.netz-noe.at/Netz-Niederosterreich/Service/Okostromanlage-Portal/Erzeugungsanlagen-gro%C3%9Fer-1-MVA-(2).aspx,21.04,1325.3
121,UW Ottenstein,0.0,14.0,48.59230086,15.33307919,Niederösterreich,Netz Niederösterreich GmbH,"info@netz-noe.at, +43 (0)2236 201 2070",https://www.netz-noe.at/Netz-Niederosterreich/Service/Okostromanlage-Portal/Erzeugungsanlagen-gro%C3%9Fer-1-MVA-(2).aspx,21.47,1286.1
122,UW Peigarten,0.0,13.0,48.69717468,16.04978946,Niederösterreich,Netz Niederösterreich GmbH,"info@netz-noe.at, +43 (0)2236 201 2070",https://www.netz-noe.at/Netz-Niederosterreich/Service/Okostromanlage-Portal/Erzeugungsanlagen-gro%C3%9Fer-1-MVA-(2).aspx,19.24,1302.4
123,UW Petronell,0.0,56.0,48.09582608,16.86580073,Niederösterreich,Netz Niederösterreich GmbH,"info@netz-noe.at, +43 (0)2236 201 2070",https://www.netz-noe.at/Netz-Niederosterreich/Service/Okostromanlage-Portal/Erzeugungsanlagen-gro%C3%9Fer-1-MVA-(2).aspx,23.91,1333.1
124,UW Pottenbrunn,0.0,27.0,48.22428875,15.68785393,Niederösterreich,Netz Niederösterreich GmbH,"info@netz-noe.at, +43 (0)2236 201 2070",https://www.netz-noe.at/Netz-Niederosterreich/Service/Okostromanlage-Portal/Erzeugungsanlagen-gro%C3%9Fer-1-MVA-(2).aspx,19.37,1302.5
125,UW Pottenstein,18.0,6.0,47.95358048,16.09754551,Niederösterreich,Netz Niederösterreich GmbH,"info@netz-noe.at, +43 (0)2236 201 2070",https://www.netz-noe.at/Netz-Niederosterreich/Service/Okostromanlage-Portal/Erzeugungsanlagen-gro%C3%9Fer-1-MVA-(2).aspx,21.77,1329.6
126,UW Poysdorf,0.0,40.0,48.65530685,16.6304003,Niederösterreich,Netz Niederösterreich GmbH,"info@netz-noe.at, +43 (0)2236 201 2070",https://www.netz-noe.at/Netz-Niederosterreich/Service/Okostromanlage-Portal/Erzeugungsanlagen-gro%C3%9Fer-1-MVA-(2).aspx,22.27,1314.0
127,UW Preßbaum,15.0,6.0,48.17808531,16.06990223,Niederösterreich,Netz Niederösterreich GmbH,"info@netz-noe.at, +43 (0)2236 201 2070",https://www.netz-noe.at/Netz-Niederosterreich/Service/Okostromanlage-Portal/Erzeugungsanlagen-gro%C3%9Fer-1-MVA-(2).aspx,24.23,1318.4
128,UW Prinzendorf-Steinberg,0.0,14.0,48.58740052,16.74684053,Niederösterreich,Netz Niederösterreich GmbH,"info@netz-noe.at, +43 (0)2236 201 2070",https://www.netz-noe.at/Netz-Niederosterreich/Service/Okostromanlage-Portal/Erzeugungsanlagen-gro%C3%9Fer-1-MVA-(2).aspx,22.66,1324.3
129,UW Prottes,0.0,121.0,48.38613443,16.76198383,Niederösterreich,Netz Niederösterreich GmbH,"info@netz-noe.at, +43 (0)2236 201 2070",https://www.netz-noe.at/Netz-Niederosterreich/Service/Okostromanlage-Portal/Erzeugungsanlagen-gro%C3%9Fer-1-MVA-(2).aspx,22.6,1329.7
130,UW Pyburg,0.0,29.0,48.23230844,14.51628733,Niederösterreich,Netz Niederösterreich GmbH,"info@netz-noe.at, +43 (0)2236 201 2070",https://www.netz-noe.at/Netz-Niederosterreich/Service/Okostromanlage-Portal/Erzeugungsanlagen-gro%C3%9Fer-1-MVA-(2).aspx,17.74,1285.3
131,UW Sallingberg,0.0,21.0,48.47402327,15.24156794,Niederösterreich,Netz Niederösterreich GmbH,"info@netz-noe.at, +43 (0)2236 201 2070",https://www.netz-noe.at/Netz-Niederosterreich/Service/Okostromanlage-Portal/Erzeugungsanlagen-gro%C3%9Fer-1-MVA-(2).aspx,22.53,1303.1
132,UW Sarasdorf,0.0,22.0,48.03157194,16.69454542,Niederösterreich,Netz Niederösterreich GmbH,"info@netz-noe.at, +43 (0)2236 201 2070",https://www.netz-noe.at/Netz-Niederosterreich/Service/Okostromanlage-Portal/Erzeugungsanlagen-gro%C3%9Fer-1-MVA-(2).aspx,22.8,1345.0
133,UW Schoeller,27.0,9.0,47.71069546,16.03136226,Niederösterreich,Netz Niederösterreich GmbH,"info@netz-noe.at, +43 (0)2236 201 2070",https://www.netz-noe.at/Netz-Niederosterreich/Service/Okostromanlage-Portal/Erzeugungsanlagen-gro%C3%9Fer-1-MVA-(2).aspx,13.81,1309.6
134,UW Spannberg,0.0,4.0,48.46754035,16.76020605,Niederösterreich,Netz Niederösterreich GmbH,"info@netz-noe.at, +43 (0)2236 201 2070",https://www.netz-noe.at/Netz-Niederosterreich/Service/Okostromanlage-Portal/Erzeugungsanlagen-gro%C3%9Fer-1-MVA-(2).aspx,21.91,1333.4
135,UW Spannberg',0.0,199.0,48.46759,16.76020605,Niederösterreich,Netz Niederösterreich GmbH,"info@netz-noe.at, +43 (0)2236 201 2070",https://www.netz-noe.at/Netz-Niederosterreich/Service/Okostromanlage-Portal/Erzeugungsanlagen-gro%C3%9Fer-1-MVA-(2).aspx,21.91,1333.4
136,UW St. Pölten West,39.0,20.0,48.19891381,15.60671616,Niederösterreich,Netz Niederösterreich GmbH,"info@netz-noe.at, +43 (0)2236 201 2070",https://www.netz-noe.at/Netz-Niederosterreich/Service/Okostromanlage-Portal/Erzeugungsanlagen-gro%C3%9Fer-1-MVA-(2).aspx,21.09,1304.4
137,UW Stockerau,0.0,21.0,48.39320761,16.20644924,Niederösterreich,Netz Niederösterreich GmbH,"info@netz-noe.at, +43 (0)2236 201 2070",https://www.netz-noe.at/Netz-Niederosterreich/Service/Okostromanlage-Portal/Erzeugungsanlagen-gro%C3%9Fer-1-MVA-(2).aspx,20.79,1317.3
138,UW Stollhofen,0.0,16.0,48.35684194,15.75764708,Niederösterreich,Netz Niederösterreich GmbH,"info@netz-noe.at, +43 (0)2236 201 2070",https://www.netz-noe.at/Netz-Niederosterreich/Service/Okostromanlage-Portal/Erzeugungsanlagen-gro%C3%9Fer-1-MVA-(2).aspx,16.26,1306.0
139,UW Stratzdorf,0.0,22.0,48.40923731,15.69021659,Niederösterreich,Netz Niederösterreich GmbH,"info@netz-noe.at, +43 (0)2236 201 2070",https://www.netz-noe.at/Netz-Niederosterreich/Service/Okostromanlage-Portal/Erzeugungsanlagen-gro%C3%9Fer-1-MVA-(2).aspx,16.26,1306.0
140,UW Ternitz,11.0,11.0,47.70878176,16.06402212,Niederösterreich,Netz Niederösterreich GmbH,"info@netz-noe.at, +43 (0)2236 201 2070",https://www.netz-noe.at/Netz-Niederosterreich/Service/Okostromanlage-Portal/Erzeugungsanlagen-gro%C3%9Fer-1-MVA-(2).aspx,14.95,1315.3
141,UW Traisen,5.0,19.0,48.04504588,15.61624425,Niederösterreich,Netz Niederösterreich GmbH,"info@netz-noe.at, +43 (0)2236 201 2070",https://www.netz-noe.at/Netz-Niederosterreich/Service/Okostromanlage-Portal/Erzeugungsanlagen-gro%C3%9Fer-1-MVA-(2).aspx,20.17,1306.3
142,UW Tulln West,10.0,39.0,48.3139414,16.04141889,Niederösterreich,Netz Niederösterreich GmbH,"info@netz-noe.at, +43 (0)2236 201 2070",https://www.netz-noe.at/Netz-Niederosterreich/Service/Okostromanlage-Portal/Erzeugungsanlagen-gro%C3%9Fer-1-MVA-(2).aspx,19.08,1309.9
143,UW Türnitz,2.0,7.0,47.9303108,15.47715899,Niederösterreich,Netz Niederösterreich GmbH,"info@netz-noe.at, +43 (0)2236 201 2070",https://www.netz-noe.at/Netz-Niederosterreich/Service/Okostromanlage-Portal/Erzeugungsanlagen-gro%C3%9Fer-1-MVA-(2).aspx,19.59,1295.6
144,UW Untersiebenbrunn,0.0,5.0,48.26544682,16.74857401,Niederösterreich,Netz Niederösterreich GmbH,"info@netz-noe.at, +43 (0)2236 201 2070",https://www.netz-noe.at/Netz-Niederosterreich/Service/Okostromanlage-Portal/Erzeugungsanlagen-gro%C3%9Fer-1-MVA-(2).aspx,22.57,1331.0
145,UW Waidhofen/Thaya,2.0,19.0,48.80682562,15.27590573,Niederösterreich,Netz Niederösterreich GmbH,"info@netz-noe.at, +43 (0)2236 201 2070",https://www.netz-noe.at/Netz-Niederosterreich/Service/Okostromanlage-Portal/Erzeugungsanlagen-gro%C3%9Fer-1-MVA-(2).aspx,20.9,1277.1
146,UW Waldegg,42.0,18.0,47.86773885,16.05589389,Niederösterreich,Netz Niederösterreich GmbH,"info@netz-noe.at, +43 (0)2236 201 2070",https://www.netz-noe.at/Netz-Niederosterreich/Service/Okostromanlage-Portal/Erzeugungsanlagen-gro%C3%9Fer-1-MVA-(2).aspx,17.93,1320.0
147,UW Wasenbruck,0.0,27.0,47.97926528,16.56829642,Niederösterreich,Netz Niederösterreich GmbH,"info@netz-noe.at, +43 (0)2236 201 2070",https://www.netz-noe.at/Netz-Niederosterreich/Service/Okostromanlage-Portal/Erzeugungsanlagen-gro%C3%9Fer-1-MVA-(2).aspx,22.59,1344.8
148,UW Wieselburg,0.0,24.0,48.11097361,15.13430104,Niederösterreich,Netz Niederösterreich GmbH,"info@netz-noe.at, +43 (0)2236 201 2070",https://www.netz-noe.at/Netz-Niederosterreich/Service/Okostromanlage-Portal/Erzeugungsanlagen-gro%C3%9Fer-1-MVA-(2).aspx,18.91,1305.0
149,UW Wilhelmsburg,21.0,15.0,48.11122004,15.61335746,Niederösterreich,Netz Niederösterreich GmbH,"info@netz-noe.at, +43 (0)2236 201 2070",https://www.netz-noe.at/Netz-Niederosterreich/Service/Okostromanlage-Portal/Erzeugungsanlagen-gro%C3%9Fer-1-MVA-(2).aspx,21.16,1306.7
150,UW Wöllersdorf,16.0,64.0,47.84857738,16.1870131,Niederösterreich,Netz Niederösterreich GmbH,"info@netz-noe.at, +43 (0)2236 201 2070",https://www.netz-noe.at/Netz-Niederosterreich/Service/Okostromanlage-Portal/Erzeugungsanlagen-gro%C3%9Fer-1-MVA-(2).aspx,18.64,1336.0
151,UW Wr. Neustadt,34.0,16.0,47.81612159,16.2681561,Niederösterreich,Netz Niederösterreich GmbH,"info@netz-noe.at, +43 (0)2236 201 2070",https://www.netz-noe.at/Netz-Niederosterreich/Service/Okostromanlage-Portal/Erzeugungsanlagen-gro%C3%9Fer-1-MVA-(2).aspx,18.64,1336.0
152,UW Wr. Neustadt Flugfeld,0.0,27.0,47.83650801,16.24577669,Niederösterreich,Netz Niederösterreich GmbH,"info@netz-noe.at, +43 (0)2236 201 2070",https://www.netz-noe.at/Netz-Niederosterreich/Service/Okostromanlage-Portal/Erzeugungsanlagen-gro%C3%9Fer-1-MVA-(2).aspx,18.64,1336.0
153,UW Zagging,0.0,0.0,48.27219299,15.65270427,Niederösterreich,Netz Niederösterreich GmbH,"info@netz-noe.at, +43 (0)2236 201 2070",https://www.netz-noe.at/Netz-Niederosterreich/Service/Okostromanlage-Portal/Erzeugungsanlagen-gro%C3%9Fer-1-MVA-(2).aspx,19.37,1302.5
154,UW Zwettl,5.0,7.0,48.59943912,15.18001167,Niederösterreich,Netz Niederösterreich GmbH,"info@netz-noe.at, +43 (0)2236 201 2070",https://www.netz-noe.at/Netz-Niederosterreich/Service/Okostromanlage-Portal/Erzeugungsanlagen-gro%C3%9Fer-1-MVA-(2).aspx,20.49,1289.0
155,UW BADEN,0.0,0.37,48.01066,16.252712,Niederösterreich,Wiener Netze GmbH,"nts-b@wienernetze.at, +43 050128 0",https://www.wienernetze.at/o/document/uw_kapazitaeten,20.73,1341.7
156,UW EBENFURTH,0.0,0.14,47.878616,16.369124,Niederösterreich,Wiener Netze GmbH,"nts-b@wienernetze.at, +43 050128 0",https://www.wienernetze.at/o/document/uw_kapazitaeten,20.89,1344.1
157,UW EBREICHSDORF,0.0,0.35,47.969089,16.400361,Niederösterreich,Wiener Netze GmbH,"nts-b@wienernetze.at, +43 050128 0",https://www.wienernetze.at/o/document/uw_kapazitaeten,21.99,1345.8
158,UW ENZESFELD,0.0,0.21,47.927557,16.187596,Niederösterreich,Wiener Netze GmbH,"nts-b@wienernetze.at, +43 050128 0",https://www.wienernetze.at/o/document/uw_kapazitaeten,19.94,1340.0
159,UW GERASDORF,0.0,0.4,48.319563,16.437236,Niederösterreich,Wiener Netze GmbH,"nts-b@wienernetze.at, +43 050128 0",https://www.wienernetze.at/o/document/uw_kapazitaeten,22.4,1327.3
160,UW KLOSTERNEUBURG,23.78,0.58,48.298023,16.331781,Niederösterreich,Wiener Netze GmbH,"nts-b@wienernetze.at, +43 050128 0",https://www.wienernetze.at/o/document/uw_kapazitaeten,22.36,1314.1
161,UW MOOSBRUNN,0.0,0.36,48.019992,16.461763,Niederösterreich,Wiener Netze GmbH,"nts-b@wienernetze.at, +43 050128 0",https://www.wienernetze.at/o/document/uw_kapazitaeten,22.49,1343.5
162,UW TRAISKIRCHEN,0.0,0.9,48.01681,16.294342,Niederösterreich,Wiener Netze GmbH,"nts-b@wienernetze.at, +43 050128 0",https://www.wienernetze.at/o/document/uw_kapazitaeten,20.73,1341.7
163,UW WrNEUDORF,0.0,0.79,48.070539,16.323516,Niederösterreich,Wiener Netze GmbH,"nts-b@wienernetze.at, +43 050128 0",https://www.wienernetze.at/o/document/uw_kapazitaeten,21.64,1339.5
164,UW Abwinden-Asten,18.36,6.78,48.247457,14.427724,Oberösterreich,Linz Netz GmbH,"einspeiser@linznetz.at, +43 (0) 732 3403 3698",https://www.linznetz.at/portal/de/home/strom/mein_stromanschluss/erzeugungsanlage_anschliessen/einspeisekapazitaeten,16.04,1281.6
165,UW Baumgartenberg,0.0,24.22,48.205768,14.759865,Oberösterreich,Linz Netz GmbH,"einspeiser@linznetz.at, +43 (0) 732 3403 3698",https://www.linznetz.at/portal/de/home/strom/mein_stromanschluss/erzeugungsanlage_anschliessen/einspeisekapazitaeten,17.78,1285.9
166,UW Linz City,33.73,1.47,48.296820544953,14.300208,Oberösterreich,Linz Netz GmbH,"einspeiser@linznetz.at, +43 (0) 732 3403 3698",https://www.linznetz.at/portal/de/home/strom/mein_stromanschluss/erzeugungsanlage_anschliessen/einspeisekapazitaeten,16.47,1275.6
167,UW Enns Industrie,26.25,1.98,48.234398659021,14.494848,Oberösterreich,Linz Netz GmbH,"einspeiser@linznetz.at, +43 (0) 732 3403 3698",https://www.linznetz.at/portal/de/home/strom/mein_stromanschluss/erzeugungsanlage_anschliessen/einspeisekapazitaeten,16.04,1281.6
168,UW Friensdorf,0.0,9.54,48.359805492799,14.500671,Oberösterreich,Linz Netz GmbH,"einspeiser@linznetz.at, +43 (0) 732 3403 3698",https://www.linznetz.at/portal/de/home/strom/mein_stromanschluss/erzeugungsanlage_anschliessen/einspeisekapazitaeten,15.22,1284.9
169,UW Linz FHKW Mitte,33.28,1.92,48.300625606332,14.322095,Oberösterreich,Linz Netz GmbH,"einspeiser@linznetz.at, +43 (0) 732 3403 3698",https://www.linznetz.at/portal/de/home/strom/mein_stromanschluss/erzeugungsanlage_anschliessen/einspeisekapazitaeten,16.47,1275.6
170,UW Freistadt,11.14,6.1,48.496541098353,14.496677,Oberösterreich,Linz Netz GmbH,"einspeiser@linznetz.at, +43 (0) 732 3403 3698",https://www.linznetz.at/portal/de/home/strom/mein_stromanschluss/erzeugungsanlage_anschliessen/einspeisekapazitaeten,16.71,1283.3
171,UW Franzosenhausweg,16.19,5.1,48.242643508062,14.299302,Oberösterreich,Linz Netz GmbH,"einspeiser@linznetz.at, +43 (0) 732 3403 3698",https://www.linznetz.at/portal/de/home/strom/mein_stromanschluss/erzeugungsanlage_anschliessen/einspeisekapazitaeten,16.47,1275.6
172,UW Gaumberg,25.99,1.51,48.276597569025,14.27577,Oberösterreich,Linz Netz GmbH,"einspeiser@linznetz.at, +43 (0) 732 3403 3698",https://www.linznetz.at/portal/de/home/strom/mein_stromanschluss/erzeugungsanlage_anschliessen/einspeisekapazitaeten,16.47,1275.6
173,UW FHKW Linz Süd,7.36,1.07,48.267428326037,14.347507,Oberösterreich,Linz Netz GmbH,"einspeiser@linznetz.at, +43 (0) 732 3403 3698",https://www.linznetz.at/portal/de/home/strom/mein_stromanschluss/erzeugungsanlage_anschliessen/einspeisekapazitaeten,16.47,1275.6
174,UW Linz Katzbach,20.33,1.67,48.324313439686,14.3243,Oberösterreich,Linz Netz GmbH,"einspeiser@linznetz.at, +43 (0) 732 3403 3698",https://www.linznetz.at/portal/de/home/strom/mein_stromanschluss/erzeugungsanlage_anschliessen/einspeisekapazitaeten,16.4,1275.5
175,UW Kleinmünchen,34.39,0.81,48.249982216817,14.31973,Oberösterreich,Linz Netz GmbH,"einspeiser@linznetz.at, +43 (0) 732 3403 3698",https://www.linznetz.at/portal/de/home/strom/mein_stromanschluss/erzeugungsanlage_anschliessen/einspeisekapazitaeten,16.47,1275.6
176,UW Leonding,13.69,4.36,48.268888787559,14.226104,Oberösterreich,Linz Netz GmbH,"einspeiser@linznetz.at, +43 (0) 732 3403 3698",https://www.linznetz.at/portal/de/home/strom/mein_stromanschluss/erzeugungsanlage_anschliessen/einspeisekapazitaeten,16.47,1275.6
177,UW Linz Industrie Bau 103,34.5,0.15,48.292041259232,14.323953,Oberösterreich,Linz Netz GmbH,"einspeiser@linznetz.at, +43 (0) 732 3403 3698",https://www.linznetz.at/portal/de/home/strom/mein_stromanschluss/erzeugungsanlage_anschliessen/einspeisekapazitaeten,16.47,1275.6
178,UW Linz Ost Bau 100 (10kV),21.59,0.39,48.287640156002,14.330932,Oberösterreich,Linz Netz GmbH,"einspeiser@linznetz.at, +43 (0) 732 3403 3698",https://www.linznetz.at/portal/de/home/strom/mein_stromanschluss/erzeugungsanlage_anschliessen/einspeisekapazitaeten,16.47,1275.6
179,UW Linz Ost Bau 102 (6kV),21.82,0.18,48.289296942433,14.330602,Oberösterreich,Linz Netz GmbH,"einspeiser@linznetz.at, +43 (0) 732 3403 3698",https://www.linznetz.at/portal/de/home/strom/mein_stromanschluss/erzeugungsanlage_anschliessen/einspeisekapazitaeten,16.47,1275.6
180,UW Mauthausen,0.0,20.99,48.241369736797,14.538888,Oberösterreich,Linz Netz GmbH,"einspeiser@linznetz.at, +43 (0) 732 3403 3698",https://www.linznetz.at/portal/de/home/strom/mein_stromanschluss/erzeugungsanlage_anschliessen/einspeisekapazitaeten,17.74,1285.3
181,UW Linz Mitte,39.93,1.32,48.311163798567,14.303636201485,Oberösterreich,Linz Netz GmbH,"einspeiser@linznetz.at, +43 (0) 732 3403 3698",https://www.linznetz.at/portal/de/home/strom/mein_stromanschluss/erzeugungsanlage_anschliessen/einspeisekapazitaeten,16.47,1275.6
182,UW Linz Nord (10kV),33.43,1.77,48.324698029223,14.299121,Oberösterreich,Linz Netz GmbH,"einspeiser@linznetz.at, +43 (0) 732 3403 3698",https://www.linznetz.at/portal/de/home/strom/mein_stromanschluss/erzeugungsanlage_anschliessen/einspeisekapazitaeten,16.4,1275.5
183,UW Linz Nord (25kV),11.44,5.61,48.324698029223,14.300462,Oberösterreich,Linz Netz GmbH,"einspeiser@linznetz.at, +43 (0) 732 3403 3698",https://www.linznetz.at/portal/de/home/strom/mein_stromanschluss/erzeugungsanlage_anschliessen/einspeisekapazitaeten,16.4,1275.5
184,UW Linz Nordwest,24.04,0.71,48.311125424952,14.276241,Oberösterreich,Linz Netz GmbH,"einspeiser@linznetz.at, +43 (0) 732 3403 3698",https://www.linznetz.at/portal/de/home/strom/mein_stromanschluss/erzeugungsanlage_anschliessen/einspeisekapazitaeten,16.47,1275.6
185,Pichling,31.29,1.18,48.260338984475,14.375202189373,Oberösterreich,Linz Netz GmbH,"einspeiser@linznetz.at, +43 (0) 732 3403 3698",https://www.linznetz.at/portal/de/home/strom/mein_stromanschluss/erzeugungsanlage_anschliessen/einspeisekapazitaeten,16.04,1281.6
186,UW Rainbach,2.24,11.24,48.533683225084,14.488888,Oberösterreich,Linz Netz GmbH,"einspeiser@linznetz.at, +43 (0) 732 3403 3698",https://www.linznetz.at/portal/de/home/strom/mein_stromanschluss/erzeugungsanlage_anschliessen/einspeisekapazitaeten,18.16,1281.3
187,UW Wattstrasse,32.99,2.21,48.245942128466,14.26611,Oberösterreich,Linz Netz GmbH,"einspeiser@linznetz.at, +43 (0) 732 3403 3698",https://www.linznetz.at/portal/de/home/strom/mein_stromanschluss/erzeugungsanlage_anschliessen/einspeisekapazitaeten,16.47,1275.6
188,UW Wienerstrasse,0.0,1.62,48.283051108632,14.310111,Oberösterreich,Linz Netz GmbH,"einspeiser@linznetz.at, +43 (0) 732 3403 3698",https://www.linznetz.at/portal/de/home/strom/mein_stromanschluss/erzeugungsanlage_anschliessen/einspeisekapazitaeten,16.47,1275.6
189,UW Zentrum,33.61,0.99,48.291799750709,14.286098,Oberösterreich,Linz Netz GmbH,"einspeiser@linznetz.at, +43 (0) 732 3403 3698",https://www.linznetz.at/portal/de/home/strom/mein_stromanschluss/erzeugungsanlage_anschliessen/einspeisekapazitaeten,16.47,1275.6
190,UW AIGERDING,0.0,22.56,48.44831,13.44937,Oberösterreich,Netz Oberösterreich GmbH,"service@netzooe.at, +43 05 9070",https://netto.netzooe.at/netto/connectClient,15.5,1240.1
191,UW ANTIESENHOFEN,8.11,23.81,48.3502,13.39531,Oberösterreich,Netz Oberösterreich GmbH,"service@netzooe.at, +43 05 9070",https://netto.netzooe.at/netto/connectClient,16.69,1250.7
192,UW BAD HALL,0.0,40.14,48.04866,14.2082,Oberösterreich,Netz Oberösterreich GmbH,"service@netzooe.at, +43 05 9070",https://netto.netzooe.at/netto/connectClient,17.28,1283.9
193,UW EFERDING,0.03,21.76,48.30288,14.00774,Oberösterreich,Netz Oberösterreich GmbH,"service@netzooe.at, +43 05 9070",https://netto.netzooe.at/netto/connectClient,15.92,1266.8
194,UW FELDKIRCHEN,0.0,13.39,48.34965,14.07985,Oberösterreich,Netz Oberösterreich GmbH,"service@netzooe.at, +43 05 9070",https://netto.netzooe.at/netto/connectClient,15.92,1266.8
195,UW FRANKENMARKT,5.29,22.49,47.97959,13.38597,Oberösterreich,Netz Oberösterreich GmbH,"service@netzooe.at, +43 05 9070",https://netto.netzooe.at/netto/connectClient,16.73,1270.7
196,UW GMUNDEN,24.02,4.56,47.92369,13.78547,Oberösterreich,Netz Oberösterreich GmbH,"service@netzooe.at, +43 05 9070",https://netto.netzooe.at/netto/connectClient,15.11,1270.4
197,UW GRIESKIRCHEN,0.0,18.61,48.23629,13.81881,Oberösterreich,Netz Oberösterreich GmbH,"service@netzooe.at, +43 05 9070",https://netto.netzooe.at/netto/connectClient,17.86,1269.5
198,UW GROSZRAMING,2.93,10.02,47.89225,14.51652,Oberösterreich,Netz Oberösterreich GmbH,"service@netzooe.at, +43 05 9070",https://netto.netzooe.at/netto/connectClient,15.32,1277.7
199,UW GUNDERTSHAUSEN,10.1,7.59,48.09673,12.99158,Oberösterreich,Netz Oberösterreich GmbH,"service@netzooe.at, +43 05 9070",https://netto.netzooe.at/netto/connectClient,16.42,1263.3
200,UW HOERSCHING,9.48,38.98,48.20758,14.16849,Oberösterreich,Netz Oberösterreich GmbH,"service@netzooe.at, +43 05 9070",https://netto.netzooe.at/netto/connectClient,16.93,1277.5
201,UW JAHRSDORF,0.0,33.68,48.25429,13.07997,Oberösterreich,Netz Oberösterreich GmbH,"service@netzooe.at, +43 05 9070",https://netto.netzooe.at/netto/connectClient,15.96,1244.8
202,UW KIRCHDORF,3.26,30.08,47.90696,14.11211,Oberösterreich,Netz Oberösterreich GmbH,"service@netzooe.at, +43 05 9070",https://netto.netzooe.at/netto/connectClient,15.29,1279.2
203,UW KLAUS,0.0,5.12,47.8215,14.16324,Oberösterreich,Netz Oberösterreich GmbH,"service@netzooe.at, +43 05 9070",https://netto.netzooe.at/netto/connectClient,10.74,1261.8
204,UW KREMSMUENSTER,8.83,19.2,48.03994,14.12343,Oberösterreich,Netz Oberösterreich GmbH,"service@netzooe.at, +43 05 9070",https://netto.netzooe.at/netto/connectClient,16.84,1280.8
205,UW LAMBACH,0.0,24.19,48.10393,13.90067,Oberösterreich,Netz Oberösterreich GmbH,"service@netzooe.at, +43 05 9070",https://netto.netzooe.at/netto/connectClient,16.21,1274.9
206,UW LENGAU,0.0,8.67,47.98761,13.23208,Oberösterreich,Netz Oberösterreich GmbH,"service@netzooe.at, +43 05 9070",https://netto.netzooe.at/netto/connectClient,17.28,1274.4
207,UW MARCHTRENK,0.0,6.94,48.17256,14.09967,Oberösterreich,Netz Oberösterreich GmbH,"service@netzooe.at, +43 05 9070",https://netto.netzooe.at/netto/connectClient,16.93,1277.5
208,UW MATTIGHOFEN,4.29,18.25,48.12056,13.1332,Oberösterreich,Netz Oberösterreich GmbH,"service@netzooe.at, +43 05 9070",https://netto.netzooe.at/netto/connectClient,16.53,1258.1
209,UW OHLSDORF,0.0,15.68,47.97039,13.79754,Oberösterreich,Netz Oberösterreich GmbH,"service@netzooe.at, +43 05 9070",https://netto.netzooe.at/netto/connectClient,15.11,1270.4
210,UW PARTENSTEIN,0.0,25.41,48.43376,13.98668,Oberösterreich,Netz Oberösterreich GmbH,"service@netzooe.at, +43 05 9070",https://netto.netzooe.at/netto/connectClient,15.65,1265.0
211,UW PFANDL,34.65,1.33,47.71763,13.59642,Oberösterreich,Netz Oberösterreich GmbH,"service@netzooe.at, +43 05 9070",https://netto.netzooe.at/netto/connectClient,9.08,1262.8
212,UW PUCHBERG,8.44,11.77,48.18348,14.00561,Oberösterreich,Netz Oberösterreich GmbH,"service@netzooe.at, +43 05 9070",https://netto.netzooe.at/netto/connectClient,16.65,1273.5
213,UW PYHRN,21.78,4.05,47.67861,14.3298,Oberösterreich,Netz Oberösterreich GmbH,"service@netzooe.at, +43 05 9070",https://netto.netzooe.at/netto/connectClient,8.14,1292.9
214,UW RAAB,5.39,17.31,48.35418,13.62418,Oberösterreich,Netz Oberösterreich GmbH,"service@netzooe.at, +43 05 9070",https://netto.netzooe.at/netto/connectClient,17.77,1252.0
215,UW RANNA,0.08,22.57,48.49012,13.7514,Oberösterreich,Netz Oberösterreich GmbH,"service@netzooe.at, +43 05 9070",https://netto.netzooe.at/netto/connectClient,17.71,1245.6
216,UW RANSHOFEN,0.0,26.11,48.22095,13.0354,Oberösterreich,Netz Oberösterreich GmbH,"service@netzooe.at, +43 05 9070",https://netto.netzooe.at/netto/connectClient,16.15,1253.4
217,UW REGAU,13.87,4.75,47.98701,13.71635,Oberösterreich,Netz Oberösterreich GmbH,"service@netzooe.at, +43 05 9070",https://netto.netzooe.at/netto/connectClient,15.11,1270.4
218,UW RIED,18.27,10.85,48.21125,13.51476,Oberösterreich,Netz Oberösterreich GmbH,"service@netzooe.at, +43 05 9070",https://netto.netzooe.at/netto/connectClient,19.68,1266.5
219,UW RIEDERSBACH,20.47,3.24,48.02941,12.84163,Oberösterreich,Netz Oberösterreich GmbH,"service@netzooe.at, +43 05 9070",https://netto.netzooe.at/netto/connectClient,15.01,1253.7
220,UW ROHRBACH,0.0,23.54,48.55598,13.9943,Oberösterreich,Netz Oberösterreich GmbH,"service@netzooe.at, +43 05 9070",https://netto.netzooe.at/netto/connectClient,15.92,1255.0
221,UW ROSSBACH,0.0,10.38,48.19743,13.27164,Oberösterreich,Netz Oberösterreich GmbH,"service@netzooe.at, +43 05 9070",https://netto.netzooe.at/netto/connectClient,17.5,1256.5
222,UW ROTTENBACH,20.54,17.44,48.21193,13.67165,Oberösterreich,Netz Oberösterreich GmbH,"service@netzooe.at, +43 05 9070",https://netto.netzooe.at/netto/connectClient,18.5,1265.7
223,UW SATTLEDT,0.0,14.21,48.08358,14.05201,Oberösterreich,Netz Oberösterreich GmbH,"service@netzooe.at, +43 05 9070",https://netto.netzooe.at/netto/connectClient,16.84,1280.8
224,UW STEEG,22.98,2.79,47.60801,13.63271,Oberösterreich,Netz Oberösterreich GmbH,"service@netzooe.at, +43 05 9070",https://netto.netzooe.at/netto/connectClient,9.88,1294.6
225,UW STEINFELDEN,4.42,4.28,47.92386,13.99079,Oberösterreich,Netz Oberösterreich GmbH,"service@netzooe.at, +43 05 9070",https://netto.netzooe.at/netto/connectClient,12.9,1261.7
226,UW STEINKOGL,33.02,4.89,47.78422,13.73934,Oberösterreich,Netz Oberösterreich GmbH,"service@netzooe.at, +43 05 9070",https://netto.netzooe.at/netto/connectClient,9.99,1255.8
227,UW STEYR,61.08,10.84,48.04326,14.43885,Oberösterreich,Netz Oberösterreich GmbH,"service@netzooe.at, +43 05 9070",https://netto.netzooe.at/netto/connectClient,17.95,1285.5
228,UW STEYR NORD,0.0,24.71,48.06808,14.42331,Oberösterreich,Netz Oberösterreich GmbH,"service@netzooe.at, +43 05 9070",https://netto.netzooe.at/netto/connectClient,17.95,1285.5
229,UW TILLYSBURG,0.0,26.1,48.21255,14.42046,Oberösterreich,Netz Oberösterreich GmbH,"service@netzooe.at, +43 05 9070",https://netto.netzooe.at/netto/connectClient,17.38,1284.2
230,UW TIMELKAM,21.43,30.67,48.01062,13.58914,Oberösterreich,Netz Oberösterreich GmbH,"service@netzooe.at, +43 05 9070",https://netto.netzooe.at/netto/connectClient,16.4,1270.8
231,UW TRAUN PUCKING,2.57,37.85,48.20527,14.22358,Oberösterreich,Netz Oberösterreich GmbH,"service@netzooe.at, +43 05 9070",https://netto.netzooe.at/netto/connectClient,17.07,1281.7
232,UW TRAUNFALL,0.0,24.52,48.01908,13.80369,Oberösterreich,Netz Oberösterreich GmbH,"service@netzooe.at, +43 05 9070",https://netto.netzooe.at/netto/connectClient,15.6,1271.8
233,UW UNTERACH,30.24,2.62,47.80463,13.45636,Oberösterreich,Netz Oberösterreich GmbH,"service@netzooe.at, +43 05 9070",https://netto.netzooe.at/netto/connectClient,13.57,1263.2
234,UW VOECKLABRUCK,24.55,14.57,47.99127,13.6587,Oberösterreich,Netz Oberösterreich GmbH,"service@netzooe.at, +43 05 9070",https://netto.netzooe.at/netto/connectClient,17.06,1267.6
235,UW VORCHDORF,18.45,4.68,48.00466,13.90662,Oberösterreich,Netz Oberösterreich GmbH,"service@netzooe.at, +43 05 9070",https://netto.netzooe.at/netto/connectClient,14.53,1273.4
236,UW WEGSCHEID,22.11,12.03,48.24694,14.2685,Oberösterreich,Netz Oberösterreich GmbH,"service@netzooe.at, +43 05 9070",https://netto.netzooe.at/netto/connectClient,16.47,1275.6
237,UW LANGSTADL,1.27,21.73,48.21137,13.51469,Oberösterreich,Energie Ried GmbH,"office@energie-ried.at, +43 (0)7752 911",https://www.energie-ried.at/strom/strom-netzbetreiber/2023_q1_freie_netzkapazitaet_homepage.pdf/view,19.68,1266.5
238,UW Wels Mitte,35.68,1.53,48.161306499,14.029334149131,Oberösterreich,eww ag,planung.technik@eww.at; +43 7242 493-000,https://www.eww.at/,16.65,1273.5
239,UW Wels FHK,30.68,3.52,48.152124428269,14.006849083078,Oberösterreich,eww ag,planung.technik@eww.at; +43 7242 493-000,https://www.eww.at/,16.65,1273.5
240,UW Wels Nord,30.81,8.31,48.168994495278,14.00822243416,Oberösterreich,eww ag,planung.technik@eww.at; +43 7242 493-000,https://www.eww.at/,16.65,1273.5
241,UW Wels Ost,33.22,1.43,48.165385247576,14.059471730738,Oberösterreich,eww ag,planung.technik@eww.at; +43 7242 493-000,https://www.eww.at/,17.26,1280.2
242,KW Böckstein,13.0,2.0,47.086677472222,13.114762,Salzburg,Salzburg Netz GmbH,"kundenservice@salzburgnetz.at, 0800 660 661",https://www.salzburgnetz.at/stromnetz/erzeugung/freie-einspeisekapazitaeten.html,11.86,1360.8
243,KW Dießbach,0.0,4.0,47.491358611111,12.817837,Salzburg,Salzburg Netz GmbH,"kundenservice@salzburgnetz.at, 0800 660 661",https://www.salzburgnetz.at/stromnetz/erzeugung/freie-einspeisekapazitaeten.html,7.7,1318.6
244,KW Wald,0.0,15.0,47.243968361111,12.230219,Salzburg,Salzburg Netz GmbH,"kundenservice@salzburgnetz.at, 0800 660 661",https://www.salzburgnetz.at/stromnetz/erzeugung/freie-einspeisekapazitaeten.html,6.62,1298.0
245,UW Angertal,0.0,1.0,47.151028527778,13.106604,Salzburg,Salzburg Netz GmbH,"kundenservice@salzburgnetz.at, 0800 660 661",https://www.salzburgnetz.at/stromnetz/erzeugung/freie-einspeisekapazitaeten.html,9.36,1345.3
246,UW Annaberg,6.0,30.0,47.537516833333,13.422932,Salzburg,Salzburg Netz GmbH,"kundenservice@salzburgnetz.at, 0800 660 661",https://www.salzburgnetz.at/stromnetz/erzeugung/freie-einspeisekapazitaeten.html,9.11,1290.4
247,UW Dienten,13.0,15.0,47.391449,13.038693,Salzburg,Salzburg Netz GmbH,"kundenservice@salzburgnetz.at, 0800 660 661",https://www.salzburgnetz.at/stromnetz/erzeugung/freie-einspeisekapazitaeten.html,6.52,1342.0
248,UW Eichet,39.0,9.0,47.750859583333,13.036142,Salzburg,Salzburg Netz GmbH,"kundenservice@salzburgnetz.at, 0800 660 661",https://www.salzburgnetz.at/stromnetz/erzeugung/freie-einspeisekapazitaeten.html,9.12,1274.2
249,UW Flachgau,0.0,58.0,47.891374,13.119579,Salzburg,Salzburg Netz GmbH,"kundenservice@salzburgnetz.at, 0800 660 661",https://www.salzburgnetz.at/stromnetz/erzeugung/freie-einspeisekapazitaeten.html,14.98,1278.4
250,UW Flachauwinkl,9.0,12.0,47.309433,13.393086,Salzburg,Salzburg Netz GmbH,"kundenservice@salzburgnetz.at, 0800 660 661",https://www.salzburgnetz.at/stromnetz/erzeugung/freie-einspeisekapazitaeten.html,7.95,1332.0
251,UW Goeming,0.0,54.0,47.953168,12.954882,Salzburg,Salzburg Netz GmbH,"kundenservice@salzburgnetz.at, 0800 660 661",https://www.salzburgnetz.at/stromnetz/erzeugung/freie-einspeisekapazitaeten.html,12.85,1270.9
252,UW Golling,0.0,39.0,47.591293583333,13.179971,Salzburg,Salzburg Netz GmbH,"kundenservice@salzburgnetz.at, 0800 660 661",https://www.salzburgnetz.at/stromnetz/erzeugung/freie-einspeisekapazitaeten.html,9.2,1266.4
253,UW Hagenau,53.0,29.0,47.832064472222,13.02878,Salzburg,Salzburg Netz GmbH,"kundenservice@salzburgnetz.at, 0800 660 661",https://www.salzburgnetz.at/stromnetz/erzeugung/freie-einspeisekapazitaeten.html,9.96,1275.7
254,UW Hinterglemm,0.0,2.0,47.373933416667,12.592483,Salzburg,Salzburg Netz GmbH,"kundenservice@salzburgnetz.at, 0800 660 661",https://www.salzburgnetz.at/stromnetz/erzeugung/freie-einspeisekapazitaeten.html,6.29,1311.9
255,UW Hof,0.0,15.0,47.823726083333,13.199438,Salzburg,Salzburg Netz GmbH,"kundenservice@salzburgnetz.at, 0800 660 661",https://www.salzburgnetz.at/stromnetz/erzeugung/freie-einspeisekapazitaeten.html,14.69,1276.3
256,UW Lend,0.0,11.0,47.293911666667,13.049989,Salzburg,Salzburg Netz GmbH,"kundenservice@salzburgnetz.at, 0800 660 661",https://www.salzburgnetz.at/stromnetz/erzeugung/freie-einspeisekapazitaeten.html,7.29,1345.3
257,UW Lungau,0.0,19.0,47.094304083333,13.622428,Salzburg,Salzburg Netz GmbH,"kundenservice@salzburgnetz.at, 0800 660 661",https://www.salzburgnetz.at/stromnetz/erzeugung/freie-einspeisekapazitaeten.html,10.1,1364.0
258,UW Maishofen,0.0,15.0,47.348244388889,12.816824,Salzburg,Salzburg Netz GmbH,"kundenservice@salzburgnetz.at, 0800 660 661",https://www.salzburgnetz.at/stromnetz/erzeugung/freie-einspeisekapazitaeten.html,7.25,1319.6
259,UW Mitte,42.0,1.0,47.809728,13.03861,Salzburg,Salzburg Netz GmbH,"kundenservice@salzburgnetz.at, 0800 660 661",https://www.salzburgnetz.at/stromnetz/erzeugung/freie-einspeisekapazitaeten.html,9.96,1275.7
260,UW Mittersill,0.0,17.0,47.278145277778,12.471897,Salzburg,Salzburg Netz GmbH,"kundenservice@salzburgnetz.at, 0800 660 661",https://www.salzburgnetz.at/stromnetz/erzeugung/freie-einspeisekapazitaeten.html,7.76,1329.5
261,UW Oberalm,0.0,24.0,47.706678305556,13.082389,Salzburg,Salzburg Netz GmbH,"kundenservice@salzburgnetz.at, 0800 660 661",https://www.salzburgnetz.at/stromnetz/erzeugung/freie-einspeisekapazitaeten.html,7.32,1263.1
262,UW Pinzgau,0.0,5.0,47.285445166667,12.812882,Salzburg,Salzburg Netz GmbH,"kundenservice@salzburgnetz.at, 0800 660 661",https://www.salzburgnetz.at/stromnetz/erzeugung/freie-einspeisekapazitaeten.html,7.25,1319.6
263,UW Pongau,8.0,8.0,47.379294194444,13.210592,Salzburg,Salzburg Netz GmbH,"kundenservice@salzburgnetz.at, 0800 660 661",https://www.salzburgnetz.at/stromnetz/erzeugung/freie-einspeisekapazitaeten.html,5.93,1337.6
264,UW Reitdorf,16.0,28.0,47.364404472222,13.385313,Salzburg,Salzburg Netz GmbH,"kundenservice@salzburgnetz.at, 0800 660 661",https://www.salzburgnetz.at/stromnetz/erzeugung/freie-einspeisekapazitaeten.html,7.95,1332.0
265,UW Saalfelden,0.0,19.0,47.422742111111,12.865153,Salzburg,Salzburg Netz GmbH,"kundenservice@salzburgnetz.at, 0800 660 661",https://www.salzburgnetz.at/stromnetz/erzeugung/freie-einspeisekapazitaeten.html,7.7,1318.6
266,UW Strobl,13.0,2.0,47.72259775,13.5058,Salzburg,Salzburg Netz GmbH,"kundenservice@salzburgnetz.at, 0800 660 661",https://www.salzburgnetz.at/stromnetz/erzeugung/freie-einspeisekapazitaeten.html,9.08,1262.8
267,UW Taxach,27.0,15.0,47.715008861111,13.060506,Salzburg,Salzburg Netz GmbH,"kundenservice@salzburgnetz.at, 0800 660 661",https://www.salzburgnetz.at/stromnetz/erzeugung/freie-einspeisekapazitaeten.html,9.12,1274.2
268,UW ARTHURWERK,0.0,2.14,47.37806,13.21046,Salzburg,Netz Oberösterreich GmbH,"service@netzooe.at, +43 05 9070",https://netto.netzooe.at/netto/connectClient,5.93,1337.6
269,UW Hall,0.0,82.54,47.59276,14.469197,Steiermark,ENVESTA Energie- & Dienstleistungs GmbH,"office@envesta.at, +43 (0)3613 2312401",https://www.envesta.at/stromnetz/,8.83,1285.0
270,UW Rohrbach,0.0,16.57,47.371049,15.998834,Steiermark,Feistritzwerke-STEWEAG GmbH,"office@feistritzwerke.at, +43 (0)3112 2356 0",https://www.feistritzwerke.at/files/Freie_Einspeisekapazitaeten_public.pdf,11.21,1344.9
271,UW BAD AUSSEE,30.0,1.51,47.61304,13.79074,Steiermark,Netz Oberösterreich GmbH,"service@netzooe.at, +43 05 9070",https://netto.netzooe.at/netto/connectClient,11.81,1306.5
272,UW Judenburg West,0.0,16.0,47.174334,14.636964,Steiermark,Stadtwerke Judenburg AG,"evu@stadtwerke.co.at, +43 3572 83146 0",https://stadtwerke.co.at/versorgung/strom/,8.56,1313.8
273,UW Kapfenberg SWK,0.0,3.725,47.441803,15.295979,Steiermark,Stadtwerke Kapfenberg GmbH,"strom@stadtwerke-kapfenberg.at, +43 3862 23 516 2525",https://www.stadtwerke-kapfenberg.at/strom-netz.html,8.69,1282.2
274,UW Arnstein,0.0,26.93,47.018535311505,15.158988998687,Steiermark,Energienetze Steiermark GmbH,"office@e-netze.at, +43 (0)316 90555",https://www.e-netze.at/Service/FEK/Default.aspx,7.67,1321.0
275,UW Bärnbach,0.64,48.09,47.055731710617,15.135019957091,Steiermark,Energienetze Steiermark GmbH,"office@e-netze.at, +43 (0)316 90555",https://www.e-netze.at/Service/FEK/Default.aspx,7.84,1322.2
276,UW Baumkirchen,0.0,71.52,47.155466226038,14.747819574764,Steiermark,Energienetze Steiermark GmbH,"office@e-netze.at, +43 (0)316 90555",https://www.e-netze.at/Service/FEK/Default.aspx,8.03,1324.4
277,UW Bergla,1.35,27.95,46.751429785355,15.280921332103,Steiermark,Energienetze Steiermark GmbH,"office@e-netze.at, +43 (0)316 90555",https://www.e-netze.at/Service/FEK/Default.aspx,7.63,1346.4
278,UW Birkfeld,0.59,38.22,47.344377629129,15.690807399116,Steiermark,Energienetze Steiermark GmbH,"office@e-netze.at, +43 (0)316 90555",https://www.e-netze.at/Service/FEK/Default.aspx,12.37,1338.7
279,UW Bodendorf,0.0,27.45,47.108303569947,14.065374850378,Steiermark,Energienetze Steiermark GmbH,"office@e-netze.at, +43 (0)316 90555",https://www.e-netze.at/Service/FEK/Default.aspx,8.76,1323.7
280,UW Brodingberg,0.0,12.86,47.128693792919,15.616158536948,Steiermark,Energienetze Steiermark GmbH,"office@e-netze.at, +43 (0)316 90555",https://www.e-netze.at/Service/FEK/Default.aspx,10.65,1346.1
281,UW Bruck,0.71,37.86,47.423320602973,15.274037285559,Steiermark,Energienetze Steiermark GmbH,"office@e-netze.at, +43 (0)316 90555",https://www.e-netze.at/Service/FEK/Default.aspx,8.53,1281.6
282,UW Büchsengut,1.4,6.81,47.520842834574,15.208304568867,Steiermark,Energienetze Steiermark GmbH,"office@e-netze.at, +43 (0)316 90555",https://www.e-netze.at/Service/FEK/Default.aspx,8.74,1274.1
283,UW Deutschfeistritz,0.0,34.17,47.20547490288,15.32264939684,Steiermark,Energienetze Steiermark GmbH,"office@e-netze.at, +43 (0)316 90555",https://www.e-netze.at/Service/FEK/Default.aspx,10.65,1322.3
284,UW Deutschlandsberg,0.0,65.49,46.818083528125,15.226245550186,Steiermark,Energienetze Steiermark GmbH,"office@e-netze.at, +43 (0)316 90555",https://www.e-netze.at/Service/FEK/Default.aspx,7.63,1346.4
285,UW Essling,1.35,31.96,47.713525660992,14.683546361536,Steiermark,Energienetze Steiermark GmbH,"office@e-netze.at, +43 (0)316 90555",https://www.e-netze.at/Service/FEK/Default.aspx,11.66,1270.0
286,UW Feldbach,0.0,55.59,46.950923301706,15.899510190119,Steiermark,Energienetze Steiermark GmbH,"office@e-netze.at, +43 (0)316 90555",https://www.e-netze.at/Service/FEK/Default.aspx,13.58,1370.9
287,UW Frohnleiten,0.77,29.68,47.280345219723,15.317444137316,Steiermark,Energienetze Steiermark GmbH,"office@e-netze.at, +43 (0)316 90555",https://www.e-netze.at/Service/FEK/Default.aspx,12.73,1296.9
288,UW Fürstenfeld,0.83,29.5,47.051825680474,16.061496195149,Steiermark,Energienetze Steiermark GmbH,"office@e-netze.at, +43 (0)316 90555",https://www.e-netze.at/Service/FEK/Default.aspx,14.31,1363.4
289,UW Gleisdorf,2.91,41.27,47.112727111702,15.705668857304,Steiermark,Energienetze Steiermark GmbH,"office@e-netze.at, +43 (0)316 90555",https://www.e-netze.at/Service/FEK/Default.aspx,10.65,1346.1
290,UW Gosdorf,0.0,91.56,46.739109826615,15.782681551972,Steiermark,Energienetze Steiermark GmbH,"office@e-netze.at, +43 (0)316 90555",https://www.e-netze.at/Service/FEK/Default.aspx,13.95,1373.5
291,UW Grambach,0.0,41.43,47.016300891384,15.491533518914,Steiermark,Energienetze Steiermark GmbH,"office@e-netze.at, +43 (0)316 90555",https://www.e-netze.at/Service/FEK/Default.aspx,10.41,1347.0
292,UW Graz Nord,5.69,14.93,47.094526504742,15.416455360848,Steiermark,Energienetze Steiermark GmbH,"office@e-netze.at, +43 (0)316 90555",https://www.e-netze.at/Service/FEK/Default.aspx,8.79,1328.6
293,UW Graz Ost,7.39,2.82,47.082765,15.469369,Steiermark,Energienetze Steiermark GmbH,"office@e-netze.at, +43 (0)316 90555",https://www.e-netze.at/Service/FEK/Default.aspx,10.88,1339.8
294,UW Graz Süd,3.57,9.3,47.049484561596,15.441360691571,Steiermark,Energienetze Steiermark GmbH,"office@e-netze.at, +43 (0)316 90555",https://www.e-netze.at/Service/FEK/Default.aspx,10.41,1347.0
295,UW Hadersdorf,0.0,38.36,47.496237778754,15.413190558944,Steiermark,Energienetze Steiermark GmbH,"office@e-netze.at, +43 (0)316 90555",https://www.e-netze.at/Service/FEK/Default.aspx,8.44,1287.3
296,UW Halbenrain,0.0,42.28,46.718476698944,15.95708817158,Steiermark,Energienetze Steiermark GmbH,"office@e-netze.at, +43 (0)316 90555",https://www.e-netze.at/Service/FEK/Default.aspx,14.98,1375.5
297,UW Hartberg,0.0,27.76,47.26460901211,15.97114136025,Steiermark,Energienetze Steiermark GmbH,"office@e-netze.at, +43 (0)316 90555",https://www.e-netze.at/Service/FEK/Default.aspx,10.78,1352.8
298,UW Haus,8.63,21.11,47.413767344208,13.772185387677,Steiermark,Energienetze Steiermark GmbH,"office@e-netze.at, +43 (0)316 90555",https://www.e-netze.at/Service/FEK/Default.aspx,6.15,1317.1
299,UW Hessenberg,0.0,59.77,47.397553180679,15.021811669854,Steiermark,Energienetze Steiermark GmbH,"office@e-netze.at, +43 (0)316 90555",https://www.e-netze.at/Service/FEK/Default.aspx,9.61,1286.4
300,UW Hieflau,1.61,11.17,47.605648319947,14.742646117531,Steiermark,Energienetze Steiermark GmbH,"office@e-netze.at, +43 (0)316 90555",https://www.e-netze.at/Service/FEK/Default.aspx,10.4,1272.1
301,UW Hohenbrugg,0.0,48.27,47.142463015833,15.989185752518,Steiermark,Energienetze Steiermark GmbH,"office@e-netze.at, +43 (0)316 90555",https://www.e-netze.at/Service/FEK/Default.aspx,12.84,1351.8
302,UW Irdning,0.0,39.38,47.490587199711,14.10727830285,Steiermark,Energienetze Steiermark GmbH,"office@e-netze.at, +43 (0)316 90555",https://www.e-netze.at/Service/FEK/Default.aspx,7.35,1320.4
303,UW Judenburg West,0.0,19.63,47.174075413195,14.637087419504,Steiermark,Energienetze Steiermark GmbH,"office@e-netze.at, +43 (0)316 90555",https://www.e-netze.at/Service/FEK/Default.aspx,8.56,1313.8
304,UW Kapfenberg,0.0,23.24,47.44181427666,15.294527,Steiermark,Energienetze Steiermark GmbH,"office@e-netze.at, +43 (0)316 90555",https://www.e-netze.at/Service/FEK/Default.aspx,8.69,1282.2
305,UW Knittelfeld Ost,0.0,45.62,47.22056550502,14.842376648864,Steiermark,Energienetze Steiermark GmbH,"office@e-netze.at, +43 (0)316 90555",https://www.e-netze.at/Service/FEK/Default.aspx,8.03,1324.4
306,UW Leibnitz,0.0,73.67,46.800178524481,15.559517153563,Steiermark,Energienetze Steiermark GmbH,"office@e-netze.at, +43 (0)316 90555",https://www.e-netze.at/Service/FEK/Default.aspx,11.2,1363.7
307,UW Leoben West,0.0,15.53,47.372793466697,15.082336816165,Steiermark,Energienetze Steiermark GmbH,"office@e-netze.at, +43 (0)316 90555",https://www.e-netze.at/Service/FEK/Default.aspx,9.61,1286.4
308,UW Lieboch,0.0,47.74,46.955598115541,15.346670903238,Steiermark,Energienetze Steiermark GmbH,"office@e-netze.at, +43 (0)316 90555",https://www.e-netze.at/Service/FEK/Default.aspx,7.97,1333.3
309,UW Liezen,0.0,50.82,47.566380054705,14.253747480088,Steiermark,Energienetze Steiermark GmbH,"office@e-netze.at, +43 (0)316 90555",https://www.e-netze.at/Service/FEK/Default.aspx,8.25,1318.7
310,UW Merkendorf,0.0,34.35,46.862146883616,15.901534287819,Steiermark,Energienetze Steiermark GmbH,"office@e-netze.at, +43 (0)316 90555",https://www.e-netze.at/Service/FEK/Default.aspx,13.57,1374.9
311,UW Mitterdorf,0.0,44.02,47.530855949857,15.51603825577,Steiermark,Energienetze Steiermark GmbH,"office@e-netze.at, +43 (0)316 90555",https://www.e-netze.at/Service/FEK/Default.aspx,10.31,1288.9
312,UW Modriach,0.0,20.08,46.964155,15.058572,Steiermark,Energienetze Steiermark GmbH,"office@e-netze.at, +43 (0)316 90555",https://www.e-netze.at/Service/FEK/Default.aspx,10.65,1318.8
313,UW Mürzzuschlag,0.0,128.25,47.588328638682,15.663905369176,Steiermark,Energienetze Steiermark GmbH,"office@e-netze.at, +43 (0)316 90555",https://www.e-netze.at/Service/FEK/Default.aspx,14.1,1289.2
314,UW Neudorf/Werndorf,0.0,46.74,46.909003086253,15.484266639257,Steiermark,Energienetze Steiermark GmbH,"office@e-netze.at, +43 (0)316 90555",https://www.e-netze.at/Service/FEK/Default.aspx,9.81,1348.0
315,Uw Pernegg Wasser,1.59,35.23,47.364594,15.333673,Steiermark,Energienetze Steiermark GmbH,"office@e-netze.at, +43 (0)316 90555",https://www.e-netze.at/Service/FEK/Default.aspx,11.0,1287.0
316,UW Pirka,10.76,7.71,47.005227563192,15.408909609802,Steiermark,Energienetze Steiermark GmbH,"office@e-netze.at, +43 (0)316 90555",https://www.e-netze.at/Service/FEK/Default.aspx,7.97,1333.3
317,UW Schachen,0.0,46.66,47.39671340503,15.870586726809,Steiermark,Energienetze Steiermark GmbH,"office@e-netze.at, +43 (0)316 90555",https://www.e-netze.at/Service/FEK/Default.aspx,13.02,1330.2
318,UW Schwarzenbach,0.0,46.58,47.494580823611,14.464750843097,Steiermark,Energienetze Steiermark GmbH,"office@e-netze.at, +43 (0)316 90555",https://www.e-netze.at/Service/FEK/Default.aspx,8.54,1290.4
319,UW Sölk,0.0,31.52,47.434013288728,13.949023758045,Steiermark,Energienetze Steiermark GmbH,"office@e-netze.at, +43 (0)316 90555",https://www.e-netze.at/Service/FEK/Default.aspx,6.15,1317.1
320,UW Teufenbach,0.0,71.53,47.134175447783,14.363528396438,Steiermark,Energienetze Steiermark GmbH,"office@e-netze.at, +43 (0)316 90555",https://www.e-netze.at/Service/FEK/Default.aspx,8.09,1299.1
321,UW Trofeng,0.0,15.58,47.541740917166,14.906040258532,Steiermark,Energienetze Steiermark GmbH,"office@e-netze.at, +43 (0)316 90555",https://www.e-netze.at/Service/FEK/Default.aspx,14.99,1276.9
322,UW Unterrohr,0.0,26.66,47.240741381141,16.049042951396,Steiermark,Energienetze Steiermark GmbH,"office@e-netze.at, +43 (0)316 90555",https://www.e-netze.at/Service/FEK/Default.aspx,10.78,1352.8
323,UW Webling,2.74,11.78,47.034302696041,15.41822226074,Steiermark,Energienetze Steiermark GmbH,"office@e-netze.at, +43 (0)316 90555",https://www.e-netze.at/Service/FEK/Default.aspx,8.79,1328.6
324,UW Weiz,0.0,48.22,47.20680630423,15.631367589687,Steiermark,Energienetze Steiermark GmbH,"office@e-netze.at, +43 (0)316 90555",https://www.e-netze.at/Service/FEK/Default.aspx,10.79,1343.4
325,UW Zettling,0.0,37.33,46.957257,15.444695,Steiermark,Energienetze Steiermark GmbH,"office@e-netze.at, +43 (0)316 90555",https://www.e-netze.at/Service/FEK/Default.aspx,9.81,1348.0
326,UW West,54.2,0.8,47.0657789,15.4197422,Steiermark,Stromnetz Graz GmbH,"office@stromnetz-graz.at, +43 (0)316 9395 1602",https://www.stromnetz-graz.at/media/wysiwyg/SGG/Einspeisekapazitaet.pdf,8.79,1328.6
327,UW Webling,24.85,0.43,47.0347447,15.4180362,Steiermark,Stromnetz Graz GmbH,"office@stromnetz-graz.at, +43 (0)316 9395 1602",https://www.stromnetz-graz.at/media/wysiwyg/SGG/Einspeisekapazitaet.pdf,8.79,1328.6
328,UW Süd,24.56,19.44,47.0498115,15.4402818,Steiermark,Stromnetz Graz GmbH,"office@stromnetz-graz.at, +43 (0)316 9395 1602",https://www.stromnetz-graz.at/media/wysiwyg/SGG/Einspeisekapazitaet.pdf,10.41,1347.0
329,UW Ost,34.84,0.36,47.082646,15.469141,Steiermark,Stromnetz Graz GmbH,"office@stromnetz-graz.at, +43 (0)316 9395 1602",https://www.stromnetz-graz.at/media/wysiwyg/SGG/Einspeisekapazitaet.pdf,10.88,1339.8
330,UW Nord,54.08,0.92,47.0939983,15.4160306,Steiermark,Stromnetz Graz GmbH,"office@stromnetz-graz.at, +43 (0)316 9395 1602",https://www.stromnetz-graz.at/media/wysiwyg/SGG/Einspeisekapazitaet.pdf,8.79,1328.6
331,UW Keplerbrücke,34.81,0.39,47.0771313,15.434002,Steiermark,Stromnetz Graz GmbH,"office@stromnetz-graz.at, +43 (0)316 9395 1602",https://www.stromnetz-graz.at/media/wysiwyg/SGG/Einspeisekapazitaet.pdf,8.79,1328.6
332,UW Ost,40.0,10.0,47.27007135,11.43311,Tirol,IKB - Innsbruckerkommunalbetriebe AG,stromnetz@ikb.at,https://www.ikb.at/fileadmin/user_upload/Dokumente/Energie/Strom_Netz/SN_Dokumente/Information_zu_freien_Einspeisekapazitaeten.pdf,5.57,1324.4
333,UW Mitte,35.0,0.0,47.26358187,11.393676,Tirol,IKB - Innsbruckerkommunalbetriebe AG,stromnetz@ikb.at,https://www.ikb.at/fileadmin/user_upload/Dokumente/Energie/Strom_Netz/SN_Dokumente/Information_zu_freien_Einspeisekapazitaeten.pdf,6.3,1310.4
334,UW Nord,30.0,0.0,47.27668542,11.399604,Tirol,IKB - Innsbruckerkommunalbetriebe AG,stromnetz@ikb.at,https://www.ikb.at/fileadmin/user_upload/Dokumente/Energie/Strom_Netz/SN_Dokumente/Information_zu_freien_Einspeisekapazitaeten.pdf,6.3,1310.4
335,UW Pastor,45.0,0.0,47.25431019,11.390726,Tirol,IKB - Innsbruckerkommunalbetriebe AG,stromnetz@ikb.at,https://www.ikb.at/fileadmin/user_upload/Dokumente/Energie/Strom_Netz/SN_Dokumente/Information_zu_freien_Einspeisekapazitaeten.pdf,6.3,1310.4
336,UW Ahrental,0.0,52.0,47.21551,11.390935,Tirol,IKB - Innsbruckerkommunalbetriebe AG,stromnetz@ikb.at,https://www.ikb.at/fileadmin/user_upload/Dokumente/Energie/Strom_Netz/SN_Dokumente/Information_zu_freien_Einspeisekapazitaeten.pdf,6.3,1310.4
337,UW Biberwier,29.0,0.0,47.376774,10.890837,Tirol,Elektrizitätswerke Reutte AG,"kundencenter-reutte@ewr.at, +43 (0)5672 607 325",https://www.ewr-energie.com/netz/stromnetz/?tx_reintdownloadmanager_reintdlm%5Bdownloaduid%5D=2603&cHash=1b8639f3f7518cf80290e080d5c435f1,6.81,1287.6
338,UW Reutte 1,5.0,1.0,47.493674,10.747296,Tirol,Elektrizitätswerke Reutte AG,"kundencenter-reutte@ewr.at, +43 (0)5672 607 325",https://www.ewr-energie.com/netz/stromnetz/?tx_reintdownloadmanager_reintdlm%5Bdownloaduid%5D=2603&cHash=1b8639f3f7518cf80290e080d5c435f1,10.68,1253.5
339,UW Reutte 2,24.0,5.0,47.493674,10.748637,Tirol,Elektrizitätswerke Reutte AG,"kundencenter-reutte@ewr.at, +43 (0)5672 607 325",https://www.ewr-energie.com/netz/stromnetz/?tx_reintdownloadmanager_reintdlm%5Bdownloaduid%5D=2603&cHash=1b8639f3f7518cf80290e080d5c435f1,10.68,1253.5
340,UW Amlach,0.0,0.0,46.80185546,12.749792189,Tirol,TINETZ - Tiroler Netze GmbH,"sc@tinetz.at, +43 (0)50708 190",https://www.tinetz.at/infobereich/allgemeines/qualitaetsstandards-und-freie-einspeisekapazitaeten/,6.0,1348.6
341,UW Bösdornau,54.0,1.0,47.152121995,11.833558559,Tirol,TINETZ - Tiroler Netze GmbH,"sc@tinetz.at, +43 (0)50708 190",https://www.tinetz.at/infobereich/allgemeines/qualitaetsstandards-und-freie-einspeisekapazitaeten/,8.32,1361.9
342,UW Brennerwerk,0.0,1.0,47.145991608,11.449154882,Tirol,TINETZ - Tiroler Netze GmbH,"sc@tinetz.at, +43 (0)50708 190",https://www.tinetz.at/infobereich/allgemeines/qualitaetsstandards-und-freie-einspeisekapazitaeten/,7.66,1334.1
343,UW Brixen,43.0,1.0,47.458392938,12.275560982,Tirol,TINETZ - Tiroler Netze GmbH,"sc@tinetz.at, +43 (0)50708 190",https://www.tinetz.at/infobereich/allgemeines/qualitaetsstandards-und-freie-einspeisekapazitaeten/,5.87,1278.7
344,UW Ebbs,21.0,2.0,47.645119359,12.258381144,Tirol,TINETZ - Tiroler Netze GmbH,"sc@tinetz.at, +43 (0)50708 190",https://www.tinetz.at/infobereich/allgemeines/qualitaetsstandards-und-freie-einspeisekapazitaeten/,7.25,1270.6
345,UW Ellmau,25.0,1.0,47.525086742,12.268718041,Tirol,TINETZ - Tiroler Netze GmbH,"sc@tinetz.at, +43 (0)50708 190",https://www.tinetz.at/infobereich/allgemeines/qualitaetsstandards-und-freie-einspeisekapazitaeten/,5.81,1273.0
346,UW Fiss,42.0,2.0,47.059730075,10.63964368,Tirol,TINETZ - Tiroler Netze GmbH,"sc@tinetz.at, +43 (0)50708 190",https://www.tinetz.at/infobereich/allgemeines/qualitaetsstandards-und-freie-einspeisekapazitaeten/,7.09,1372.3
347,UW Fügen,25.0,3.0,47.356578239,11.859974311,Tirol,TINETZ - Tiroler Netze GmbH,"sc@tinetz.at, +43 (0)50708 190",https://www.tinetz.at/infobereich/allgemeines/qualitaetsstandards-und-freie-einspeisekapazitaeten/,6.99,1282.3
348,UW Fulpmes,21.0,1.0,47.137255934,11.341868635,Tirol,TINETZ - Tiroler Netze GmbH,"sc@tinetz.at, +43 (0)50708 190",https://www.tinetz.at/infobereich/allgemeines/qualitaetsstandards-und-freie-einspeisekapazitaeten/,6.53,1323.2
349,UW Funsingau,6.0,0.0,47.234920403,12.056854439,Tirol,TINETZ - Tiroler Netze GmbH,"sc@tinetz.at, +43 (0)50708 190",https://www.tinetz.at/infobereich/allgemeines/qualitaetsstandards-und-freie-einspeisekapazitaeten/,8.9,1346.7
350,UW Habichen,15.0,1.0,47.187295,10.910432,Tirol,TINETZ - Tiroler Netze GmbH,"sc@tinetz.at, +43 (0)50708 190",https://www.tinetz.at/infobereich/allgemeines/qualitaetsstandards-und-freie-einspeisekapazitaeten/,6.25,1294.8
351,UW Hall,45.0,0.0,47.274925634,11.498464753,Tirol,TINETZ - Tiroler Netze GmbH,"sc@tinetz.at, +43 (0)50708 190",https://www.tinetz.at/infobereich/allgemeines/qualitaetsstandards-und-freie-einspeisekapazitaeten/,5.57,1324.4
352,UW Hochfilzen,27.0,1.0,47.470315622,12.630984217,Tirol,TINETZ - Tiroler Netze GmbH,"sc@tinetz.at, +43 (0)50708 190",https://www.tinetz.at/infobereich/allgemeines/qualitaetsstandards-und-freie-einspeisekapazitaeten/,7.54,1298.3
353,UW Hopfgarten,35.0,1.0,47.457434769,12.146466712,Tirol,TINETZ - Tiroler Netze GmbH,"sc@tinetz.at, +43 (0)50708 190",https://www.tinetz.at/infobereich/allgemeines/qualitaetsstandards-und-freie-einspeisekapazitaeten/,6.09,1270.5
354,UW Imst,21.0,2.0,47.211683943,10.719806959,Tirol,TINETZ - Tiroler Netze GmbH,"sc@tinetz.at, +43 (0)50708 190",https://www.tinetz.at/infobereich/allgemeines/qualitaetsstandards-und-freie-einspeisekapazitaeten/,7.55,1336.3
355,UW Jenbach,22.0,7.0,47.389377804,11.757302103,Tirol,TINETZ - Tiroler Netze GmbH,"sc@tinetz.at, +43 (0)50708 190",https://www.tinetz.at/infobereich/allgemeines/qualitaetsstandards-und-freie-einspeisekapazitaeten/,6.99,1282.3
356,UW Kalserbach,0.0,7.0,46.92314641,12.600560137,Tirol,TINETZ - Tiroler Netze GmbH,"sc@tinetz.at, +43 (0)50708 190",https://www.tinetz.at/infobereich/allgemeines/qualitaetsstandards-und-freie-einspeisekapazitaeten/,5.63,1386.2
357,UW Kirchbichl/KW-Kirchbichl,30.0,9.0,47.515210042,12.08749088,Tirol,TINETZ - Tiroler Netze GmbH,"sc@tinetz.at, +43 (0)50708 190",https://www.tinetz.at/infobereich/allgemeines/qualitaetsstandards-und-freie-einspeisekapazitaeten/,6.21,1256.6
358,UW Kitzbühel,43.0,1.0,47.456054193,12.389577986,Tirol,TINETZ - Tiroler Netze GmbH,"sc@tinetz.at, +43 (0)50708 190",https://www.tinetz.at/infobereich/allgemeines/qualitaetsstandards-und-freie-einspeisekapazitaeten/,7.62,1292.7
359,UW Kramsach,25.0,2.0,47.433811913,11.865459585,Tirol,TINETZ - Tiroler Netze GmbH,"sc@tinetz.at, +43 (0)50708 190",https://www.tinetz.at/infobereich/allgemeines/qualitaetsstandards-und-freie-einspeisekapazitaeten/,6.99,1282.3
360,UW Kufstein,43.0,1.0,47.578910931,12.147714634,Tirol,TINETZ - Tiroler Netze GmbH,"sc@tinetz.at, +43 (0)50708 190",https://www.tinetz.at/infobereich/allgemeines/qualitaetsstandards-und-freie-einspeisekapazitaeten/,6.21,1256.6
361,UW Kundl,8.0,1.0,47.46743363,11.974760465,Tirol,TINETZ - Tiroler Netze GmbH,"sc@tinetz.at, +43 (0)50708 190",https://www.tinetz.at/infobereich/allgemeines/qualitaetsstandards-und-freie-einspeisekapazitaeten/,7.5,1273.4
362,UW Landeck,18.0,2.0,47.142856682,10.564081534,Tirol,TINETZ - Tiroler Netze GmbH,"sc@tinetz.at, +43 (0)50708 190",https://www.tinetz.at/infobereich/allgemeines/qualitaetsstandards-und-freie-einspeisekapazitaeten/,7.51,1348.3
364,UW Ost,8.0,1.0,47.271697492,11.428248163,Tirol,TINETZ - Tiroler Netze GmbH,"sc@tinetz.at, +43 (0)50708 190",https://www.tinetz.at/infobereich/allgemeines/qualitaetsstandards-und-freie-einspeisekapazitaeten/,5.57,1324.4
365,UW Ötztal,21.0,4.0,47.242761377,10.868825251,Tirol,TINETZ - Tiroler Netze GmbH,"sc@tinetz.at, +43 (0)50708 190",https://www.tinetz.at/infobereich/allgemeines/qualitaetsstandards-und-freie-einspeisekapazitaeten/,6.25,1294.8
366,UW Prutz,33.0,2.0,47.069492641,10.665368186,Tirol,TINETZ - Tiroler Netze GmbH,"sc@tinetz.at, +43 (0)50708 190",https://www.tinetz.at/infobereich/allgemeines/qualitaetsstandards-und-freie-einspeisekapazitaeten/,7.09,1372.3
367,UW Reith b.S.,11.0,2.0,47.312556604,11.19499226,Tirol,TINETZ - Tiroler Netze GmbH,"sc@tinetz.at, +43 (0)50708 190",https://www.tinetz.at/infobereich/allgemeines/qualitaetsstandards-und-freie-einspeisekapazitaeten/,6.97,1282.0
368,UW Rietz,31.0,3.0,47.292603291,11.057028852,Tirol,TINETZ - Tiroler Netze GmbH,"sc@tinetz.at, +43 (0)50708 190",https://www.tinetz.at/infobereich/allgemeines/qualitaetsstandards-und-freie-einspeisekapazitaeten/,6.57,1289.3
369,UW Schwaz,18.0,0.0,47.352497099,11.700915934,Tirol,TINETZ - Tiroler Netze GmbH,"sc@tinetz.at, +43 (0)50708 190",https://www.tinetz.at/infobereich/allgemeines/qualitaetsstandards-und-freie-einspeisekapazitaeten/,7.03,1299.3
370,UW Sillian,10.0,2.0,46.747669592,12.433903664,Tirol,TINETZ - Tiroler Netze GmbH,"sc@tinetz.at, +43 (0)50708 190",https://www.tinetz.at/infobereich/allgemeines/qualitaetsstandards-und-freie-einspeisekapazitaeten/,8.37,1388.3
371,UW Sölden,25.0,6.0,46.982145559,11.012475687,Tirol,TINETZ - Tiroler Netze GmbH,"sc@tinetz.at, +43 (0)50708 190",https://www.tinetz.at/infobereich/allgemeines/qualitaetsstandards-und-freie-einspeisekapazitaeten/,6.72,1403.8
372,UW St.Jakob a.A.,17.0,0.0,47.144872947,10.312476873,Tirol,TINETZ - Tiroler Netze GmbH,"sc@tinetz.at, +43 (0)50708 190",https://www.tinetz.at/infobereich/allgemeines/qualitaetsstandards-und-freie-einspeisekapazitaeten/,9.84,1352.5
373,UW St.Johann,52.0,3.0,47.515915343,12.418776105,Tirol,TINETZ - Tiroler Netze GmbH,"sc@tinetz.at, +43 (0)50708 190",https://www.tinetz.at/infobereich/allgemeines/qualitaetsstandards-und-freie-einspeisekapazitaeten/,7.49,1290.7
374,UW Steinach,21.0,1.0,47.083036303,11.474076012,Tirol,TINETZ - Tiroler Netze GmbH,"sc@tinetz.at, +43 (0)50708 190",https://www.tinetz.at/infobereich/allgemeines/qualitaetsstandards-und-freie-einspeisekapazitaeten/,11.71,1357.5
375,UW Stribach,14.0,2.0,46.828983546,12.819569349,Tirol,TINETZ - Tiroler Netze GmbH,"sc@tinetz.at, +43 (0)50708 190",https://www.tinetz.at/infobereich/allgemeines/qualitaetsstandards-und-freie-einspeisekapazitaeten/,5.05,1370.4
376,UW Tobadill,18.0,8.0,47.118885877,10.498657863,Tirol,TINETZ - Tiroler Netze GmbH,"sc@tinetz.at, +43 (0)50708 190",https://www.tinetz.at/infobereich/allgemeines/qualitaetsstandards-und-freie-einspeisekapazitaeten/,7.51,1348.3
377,UW Völs,23.0,1.0,47.258550162,11.312761502,Tirol,TINETZ - Tiroler Netze GmbH,"sc@tinetz.at, +43 (0)50708 190",https://www.tinetz.at/infobereich/allgemeines/qualitaetsstandards-und-freie-einspeisekapazitaeten/,6.3,1310.4
378,UW Wattens,20.0,1.0,47.298949994,11.595083257,Tirol,TINETZ - Tiroler Netze GmbH,"sc@tinetz.at, +43 (0)50708 190",https://www.tinetz.at/infobereich/allgemeines/qualitaetsstandards-und-freie-einspeisekapazitaeten/,7.76,1305.7
379,UW Wilten,9.0,1.0,47.252641655,11.393482455,Tirol,TINETZ - Tiroler Netze GmbH,"sc@tinetz.at, +43 (0)50708 190",https://www.tinetz.at/infobereich/allgemeines/qualitaetsstandards-und-freie-einspeisekapazitaeten/,6.3,1310.4
380,UW Zell,21.0,2.0,47.232411183,11.898851303,Tirol,TINETZ - Tiroler Netze GmbH,"sc@tinetz.at, +43 (0)50708 190",https://www.tinetz.at/infobereich/allgemeines/qualitaetsstandards-und-freie-einspeisekapazitaeten/,8.53,1323.0
381,UW Zirl,20.0,2.0,47.279544552,11.214722293,Tirol,TINETZ - Tiroler Netze GmbH,"sc@tinetz.at, +43 (0)50708 190",https://www.tinetz.at/infobereich/allgemeines/qualitaetsstandards-und-freie-einspeisekapazitaeten/,6.24,1300.8
382,UW Andelsbuch,11.01,4.92,47.40123515,9.87713642,Vorarlberg,Vorarlberger Energienetze GmbH,"info@vorarlbergnetz.at, +43 (0)5574 9020 0",https://www.vorarlbergnetz.at/media/Freie_Einspeisekapazitaeten.pdf,7.79,1249.2
383,UW Brederis,26.73,5.67,47.27996042,9.61579474,Vorarlberg,Vorarlberger Energienetze GmbH,"info@vorarlbergnetz.at, +43 (0)5574 9020 0",https://www.vorarlbergnetz.at/media/Freie_Einspeisekapazitaeten.pdf,8.3,1243.2
384,UW Bürs 10kV,27.03,2.77,47.15136937,9.81609198,Vorarlberg,Vorarlberger Energienetze GmbH,"info@vorarlbergnetz.at, +43 (0)5574 9020 0",https://www.vorarlbergnetz.at/media/Freie_Einspeisekapazitaeten.pdf,8.02,1336.0
385,UW Bürs 30kV,0.0,2.07,47.15136937,9.81610539,Vorarlberg,Vorarlberger Energienetze GmbH,"info@vorarlbergnetz.at, +43 (0)5574 9020 0",https://www.vorarlbergnetz.at/media/Freie_Einspeisekapazitaeten.pdf,8.02,1336.0
386,UW Dornbirn Süd,59.74,6.27,47.40960485,9.73230318,Vorarlberg,Vorarlberger Energienetze GmbH,"info@vorarlbergnetz.at, +43 (0)5574 9020 0",https://www.vorarlbergnetz.at/media/Freie_Einspeisekapazitaeten.pdf,7.63,1242.5
387,UW Feldkirch,17.76,2.04,47.23271648,9.58950274,Vorarlberg,Vorarlberger Energienetze GmbH,"info@vorarlbergnetz.at, +43 (0)5574 9020 0",https://www.vorarlbergnetz.at/media/Freie_Einspeisekapazitaeten.pdf,8.08,1251.7
388,UW Frastanz 10kV,23.62,2.89,47.22215864,9.64235819,Vorarlberg,Vorarlberger Energienetze GmbH,"info@vorarlbergnetz.at, +43 (0)5574 9020 0",https://www.vorarlbergnetz.at/media/Freie_Einspeisekapazitaeten.pdf,8.08,1251.7
389,UW Frastanz 30kV,5.17,4.98,47.22215864,9.6423716,Vorarlberg,Vorarlberger Energienetze GmbH,"info@vorarlbergnetz.at, +43 (0)5574 9020 0",https://www.vorarlbergnetz.at/media/Freie_Einspeisekapazitaeten.pdf,8.08,1251.7
390,UW Gisingen,17.49,0.35,47.25229086,9.58446747,Vorarlberg,Vorarlberger Energienetze GmbH,"info@vorarlbergnetz.at, +43 (0)5574 9020 0",https://www.vorarlbergnetz.at/media/Freie_Einspeisekapazitaeten.pdf,8.08,1251.7
391,UW Götzis,22.36,4.75,47.3345809,9.62973621,Vorarlberg,Vorarlberger Energienetze GmbH,"info@vorarlbergnetz.at, +43 (0)5574 9020 0",https://www.vorarlbergnetz.at/media/Freie_Einspeisekapazitaeten.pdf,8.3,1243.2
392,UW Hard,29.95,3.06,47.48040745,9.69282719,Vorarlberg,Vorarlberger Energienetze GmbH,"info@vorarlbergnetz.at, +43 (0)5574 9020 0",https://www.vorarlbergnetz.at/media/Freie_Einspeisekapazitaeten.pdf,7.97,1235.2
393,UW Haselstauden,29.17,3.83,47.43279281,9.74853484,Vorarlberg,Vorarlberger Energienetze GmbH,"info@vorarlbergnetz.at, +43 (0)5574 9020 0",https://www.vorarlbergnetz.at/media/Freie_Einspeisekapazitaeten.pdf,7.63,1242.5
394,UW Höchst,29.94,3.07,47.46366082,9.65772894,Vorarlberg,Vorarlberger Energienetze GmbH,"info@vorarlbergnetz.at, +43 (0)5574 9020 0",https://www.vorarlbergnetz.at/media/Freie_Einspeisekapazitaeten.pdf,9.3,1223.7
395,UW Hofsteig,37.33,3.51,47.464072095503,9.7342081587076,Vorarlberg,Vorarlberger Energienetze GmbH,"info@vorarlbergnetz.at, +43 (0)5574 9020 0",https://www.vorarlbergnetz.at/media/Freie_Einspeisekapazitaeten.pdf,7.97,1235.2
396,UW Hohenems,24.64,4.96,47.36671627,9.66908417,Vorarlberg,Vorarlberger Energienetze GmbH,"info@vorarlbergnetz.at, +43 (0)5574 9020 0",https://www.vorarlbergnetz.at/media/Freie_Einspeisekapazitaeten.pdf,8.51,1239.4
397,UW Hörbranz,16.33,2.99,47.54271912,9.74895802,Vorarlberg,Vorarlberger Energienetze GmbH,"info@vorarlbergnetz.at, +43 (0)5574 9020 0",https://www.vorarlbergnetz.at/media/Freie_Einspeisekapazitaeten.pdf,9.57,1238.4
398,UW Lustenau,19.08,5.6,47.43520509,9.67501849,Vorarlberg,Vorarlberger Energienetze GmbH,"info@vorarlbergnetz.at, +43 (0)5574 9020 0",https://www.vorarlbergnetz.at/media/Freie_Einspeisekapazitaeten.pdf,9.3,1223.7
399,UW Nenzing,19.45,5.81,47.19114058,9.71306239,Vorarlberg,Vorarlberger Energienetze GmbH,"info@vorarlbergnetz.at, +43 (0)5574 9020 0",https://www.vorarlbergnetz.at/media/Freie_Einspeisekapazitaeten.pdf,8.25,1283.3
400,UW Rauz,0.0,0.71,47.13797506,10.17921888,Vorarlberg,Vorarlberger Energienetze GmbH,"info@vorarlbergnetz.at, +43 (0)5574 9020 0",https://www.vorarlbergnetz.at/media/Freie_Einspeisekapazitaeten.pdf,8.27,1389.8
401,UW Rieden,27.1,2.7,47.48736055,9.73783804,Vorarlberg,Vorarlberger Energienetze GmbH,"info@vorarlbergnetz.at, +43 (0)5574 9020 0",https://www.vorarlbergnetz.at/media/Freie_Einspeisekapazitaeten.pdf,7.97,1235.2
402,UW Tschagguns,8.24,1.93,47.06837406,9.91614602,Vorarlberg,Vorarlberger Energienetze GmbH,"info@vorarlbergnetz.at, +43 (0)5574 9020 0",https://www.vorarlbergnetz.at/media/Freie_Einspeisekapazitaeten.pdf,8.06,1375.6
403,UW Vorderwald,1.73,6.28,47.47179051,9.853138,Vorarlberg,Vorarlberger Energienetze GmbH,"info@vorarlbergnetz.at, +43 (0)5574 9020 0",https://www.vorarlbergnetz.at/media/Freie_Einspeisekapazitaeten.pdf,7.97,1235.2
404,UW Vorkloster,31.61,1.39,47.4946339,9.720639,Vorarlberg,Vorarlberger Energienetze GmbH,"info@vorarlbergnetz.at, +43 (0)5574 9020 0",https://www.vorarlbergnetz.at/media/Freie_Einspeisekapazitaeten.pdf,7.97,1235.2
405,UW Weiler Klaus,22.7,4.86,47.30420171,9.622074,Vorarlberg,Vorarlberger Energienetze GmbH,"info@vorarlbergnetz.at, +43 (0)5574 9020 0",https://www.vorarlbergnetz.at/media/Freie_Einspeisekapazitaeten.pdf,8.3,1243.2
406,UW EISENSTADTPLATZ,71.02,0.76,48.15757,16.384518,Wien,Wiener Netze GmbH,"nts-b@wienernetze.at, +43 050128 0",https://www.wienernetze.at/o/document/uw_kapazitaeten,22.83,1323.1
407,UW ESSLING,0.0,0.51,48.229145,16.51665,Wien,Wiener Netze GmbH,"nts-b@wienernetze.at, +43 050128 0",https://www.wienernetze.at/o/document/uw_kapazitaeten,22.07,1328.5
408,UW FAVORITEN,76.29,0.08,48.157112,16.370785,Wien,Wiener Netze GmbH,"nts-b@wienernetze.at, +43 050128 0",https://www.wienernetze.at/o/document/uw_kapazitaeten,22.83,1323.1
409,UW GAUDENZDORF,76.1,0.25,48.169622,16.326494,Wien,Wiener Netze GmbH,"nts-b@wienernetze.at, +43 050128 0",https://www.wienernetze.at/o/document/uw_kapazitaeten,22.83,1323.1
410,UW HANDELSKAI,76.41,0.63,48.205177,16.428078,Wien,Wiener Netze GmbH,"nts-b@wienernetze.at, +43 050128 0",https://www.wienernetze.at/o/document/uw_kapazitaeten,22.83,1323.1
411,UW HEILIGENSTADT,63.89,0.58,48.25617,16.332865,Wien,Wiener Netze GmbH,"nts-b@wienernetze.at, +43 050128 0",https://www.wienernetze.at/o/document/uw_kapazitaeten,22.43,1320.4
412,UW JOSEFSTADT,39.6,0.03,48.211729,16.345821,Wien,Wiener Netze GmbH,"nts-b@wienernetze.at, +43 050128 0",https://www.wienernetze.at/o/document/uw_kapazitaeten,22.83,1323.1
413,UW KAGRAN,14.69,1.02,48.231219,16.465534,Wien,Wiener Netze GmbH,"nts-b@wienernetze.at, +43 050128 0",https://www.wienernetze.at/o/document/uw_kapazitaeten,22.43,1320.4
414,UW KAISEREBERSDORF,0.0,0.71,48.147145,16.465352,Wien,Wiener Netze GmbH,"nts-b@wienernetze.at, +43 050128 0",https://www.wienernetze.at/o/document/uw_kapazitaeten,22.48,1337.8
415,UW KAUNITZGASSE,78.87,0.0,48.193909,16.3511,Wien,Wiener Netze GmbH,"nts-b@wienernetze.at, +43 050128 0",https://www.wienernetze.at/o/document/uw_kapazitaeten,22.83,1323.1
416,UW LANDSTRASSE,72.54,1.13,48.194272,16.400555,Wien,Wiener Netze GmbH,"nts-b@wienernetze.at, +43 050128 0",https://www.wienernetze.at/o/document/uw_kapazitaeten,22.83,1323.1
417,UW LEOPOLDAU 10KV,28.24,0.32,48.282463,16.400416,Wien,Wiener Netze GmbH,"nts-b@wienernetze.at, +43 050128 0",https://www.wienernetze.at/o/document/uw_kapazitaeten,22.43,1320.4
418,UW LEOPOLDAU 20KV,54.74,1.47,48.282463,16.401757,Wien,Wiener Netze GmbH,"nts-b@wienernetze.at, +43 050128 0",https://www.wienernetze.at/o/document/uw_kapazitaeten,22.43,1320.4
419,UW LEOPOLDSTADT,77.6,0.06,48.205177,16.41594,Wien,Wiener Netze GmbH,"nts-b@wienernetze.at, +43 050128 0",https://www.wienernetze.at/o/document/uw_kapazitaeten,22.83,1323.1
420,UW LIESING 10KV,31.86,0.75,48.143893,16.2869,Wien,Wiener Netze GmbH,"nts-b@wienernetze.at, +43 050128 0",https://www.wienernetze.at/o/document/uw_kapazitaeten,22.59,1335.2
421,UW LIESING 20KV,70.39,1.61,48.143893,16.288241,Wien,Wiener Netze GmbH,"nts-b@wienernetze.at, +43 050128 0",https://www.wienernetze.at/o/document/uw_kapazitaeten,22.59,1335.2
422,UW MARIAHILF,77.14,0.69,48.194624,16.344534,Wien,Wiener Netze GmbH,"nts-b@wienernetze.at, +43 050128 0",https://www.wienernetze.at/o/document/uw_kapazitaeten,22.83,1323.1
423,UW MESSE,35.17,1.33,48.213558,16.413056,Wien,Wiener Netze GmbH,"nts-b@wienernetze.at, +43 050128 0",https://www.wienernetze.at/o/document/uw_kapazitaeten,22.83,1323.1
424,UW MICHELBEUERN,78.56,0.03,48.223739,16.356275,Wien,Wiener Netze GmbH,"nts-b@wienernetze.at, +43 050128 0",https://www.wienernetze.at/o/document/uw_kapazitaeten,22.83,1323.1
425,UW NEUBADGASSE,79.13,0.0,48.209027,16.366233,Wien,Wiener Netze GmbH,"nts-b@wienernetze.at, +43 050128 0",https://www.wienernetze.at/o/document/uw_kapazitaeten,22.83,1323.1
426,UW NORD,63.58,0.59,48.284519,16.425961,Wien,Wiener Netze GmbH,"nts-b@wienernetze.at, +43 050128 0",https://www.wienernetze.at/o/document/uw_kapazitaeten,22.43,1320.4
427,UW OTTAKRING,68.76,0.12,48.213161,16.302539,Wien,Wiener Netze GmbH,"nts-b@wienernetze.at, +43 050128 0",https://www.wienernetze.at/o/document/uw_kapazitaeten,23.66,1317.7
428,UW PENZING,73.03,0.31,48.21644,16.228795,Wien,Wiener Netze GmbH,"nts-b@wienernetze.at, +43 050128 0",https://www.wienernetze.at/o/document/uw_kapazitaeten,24.52,1322.0
429,UW SCHMELZ,76.44,0.71,48.196062,16.321938,Wien,Wiener Netze GmbH,"nts-b@wienernetze.at, +43 050128 0",https://www.wienernetze.at/o/document/uw_kapazitaeten,22.83,1323.1
430,UW SCHWECHAT,19.55,0.21,48.166053,16.428005,Wien,Wiener Netze GmbH,"nts-b@wienernetze.at, +43 050128 0",https://www.wienernetze.at/o/document/uw_kapazitaeten,22.83,1323.1
431,UW SIMMERING,96.17,1.19,48.163361,16.466646,Wien,Wiener Netze GmbH,"nts-b@wienernetze.at, +43 050128 0",https://www.wienernetze.at/o/document/uw_kapazitaeten,22.48,1337.8
432,UW SPEISING,62.97,0.65,48.176764,16.254778,Wien,Wiener Netze GmbH,"nts-b@wienernetze.at, +43 050128 0",https://www.wienernetze.at/o/document/uw_kapazitaeten,24.52,1322.0
433,UW STADLAU 10KV,23.33,0.61,48.222512,16.48338,Wien,Wiener Netze GmbH,"nts-b@wienernetze.at, +43 050128 0",https://www.wienernetze.at/o/document/uw_kapazitaeten,22.07,1328.5
434,UW STADLAU 20KV,58.4,3.43,48.222512,16.484721,Wien,Wiener Netze GmbH,"nts-b@wienernetze.at, +43 050128 0",https://www.wienernetze.at/o/document/uw_kapazitaeten,22.07,1328.5
435,UW SÜD,69.14,0.53,48.169887,16.311806,Wien,Wiener Netze GmbH,"nts-b@wienernetze.at, +43 050128 0",https://www.wienernetze.at/o/document/uw_kapazitaeten,22.59,1335.2
436,UW SÜDOST,28.15,1.18,48.13917,16.479094,Wien,Wiener Netze GmbH,"nts-b@wienernetze.at, +43 050128 0",https://www.wienernetze.at/o/document/uw_kapazitaeten,22.48,1337.8
437,UW WÄHRING,71.32,0.27,48.235544,16.318714,Wien,Wiener Netze GmbH,"nts-b@wienernetze.at, +43 050128 0",https://www.wienernetze.at/o/document/uw_kapazitaeten,23.66,1317.7
438,UW WEIßGERBER,75.88,0.95,48.158257,16.400997,Wien,Wiener Netze GmbH,"nts-b@wienernetze.at, +43 050128 0",https://www.wienernetze.at/o/document/uw_kapazitaeten,22.83,1323.1
439,UW WEST,54.79,2.14,48.19433,16.391028,Wien,Wiener Netze GmbH,"nts-b@wienernetze.at, +43 050128 0",https://www.wienernetze.at/o/document/uw_kapazitaeten,22.83,1323.1
440,UW WIENERBERG,37.23,0.08,48.215277,16.24642,Wien,Wiener Netze GmbH,"nts-b@wienernetze.at, +43 050128 0",https://www.wienernetze.at/o/document/uw_kapazitaeten,24.52,1322.0
441,UW ZEDLITZHALLE,79.43,0.0,48.208369,16.372242,Wien,Wiener Netze GmbH,"nts-b@wienernetze.at, +43 050128 0",https://www.wienernetze.at/o/document/uw_kapazitaeten,22.83,1323.1
